Churn,AccountWeeks,ContractRenewal,DataPlan,DataUsage,CustServCalls,DayMins,DayCalls,MonthlyCharge,OverageFee,RoamMins
0,1,1,0,0.0,1,144.8,107,35.0,5.63,13.8
0,64,1,1,1.59,8,210.0,116,71.9,11.64,5.9
0,114,0,1,3.32,2,174.5,104,82.2,11.21,12.3
0,165,1,0,0.0,0,207.7,109,50.0,8.24,7.9
0,115,1,0,0.0,2,99.7,107,30.0,7.26,14.1
0,109,1,0,0.36,2,193.6,58,49.6,7.44,13.1
0,151,1,0,0.0,0,194.8,106,58.0,14.64,5.5
0,91,1,1,2.59,1,273.0,78,90.9,10.78,9.6
0,123,1,0,0.26,2,257.9,92,64.6,10.58,9.4
0,182,1,0,0.36,2,104.9,111,38.6,9.93,8.0
0,58,1,0,0.0,3,131.9,96,37.0,8.38,14.7
0,95,1,0,0.44,3,156.6,88,52.4,12.38,12.3
0,100,1,1,3.27,1,218.7,104,83.7,7.75,12.1
0,121,1,0,0.0,3,190.7,103,49.0,9.18,9.8
0,181,1,0,0.0,1,143.3,91,41.0,9.78,6.0
0,16,1,0,0.0,1,209.5,89,51.0,8.64,8.8
1,130,1,0,0.33,4,271.8,129,70.3,11.86,8.7
0,130,1,0,0.32,0,252.0,101,61.2,8.51,5.7
0,60,1,1,3.46,2,191.8,75,90.6,13.39,12.8
0,123,1,0,0.0,1,159.1,94,48.0,12.08,6.5
1,178,0,0,0.0,2,124.5,134,34.0,7.06,11.4
1,81,1,0,0.0,0,324.7,48,76.0,11.82,13.1
1,133,1,0,0.0,2,295.0,141,70.0,11.18,12.9
0,128,1,0,0.0,1,187.3,84,55.0,13.54,10.1
0,101,1,0,0.3,1,0.0,0,20.0,9.61,7.2
0,45,1,0,0.0,1,78.2,127,35.0,12.67,18.0
0,192,1,0,0.34,2,185.0,88,54.4,11.25,11.4
0,81,1,0,0.0,3,203.5,89,60.0,14.48,8.7
0,33,0,0,0.0,0,164.0,99,41.0,7.66,6.4
0,113,1,1,3.13,0,183.8,102,78.3,9.17,11.6
0,107,1,0,0.0,0,241.9,102,52.0,6.35,11.7
0,84,1,0,0.0,1,216.1,114,54.0,9.88,9.8
0,61,1,1,2.94,3,270.7,53,93.4,10.04,10.9
0,168,1,1,3.08,2,97.4,57,64.8,10.18,11.4
0,90,1,0,0.0,1,203.4,146,54.0,11.34,7.3
0,75,1,0,0.34,1,117.3,114,41.4,10.06,12.2
0,132,1,0,0.31,1,191.9,107,54.1,10.35,12.6
0,143,1,0,0.0,1,155.4,112,52.0,14.55,13.9
0,114,1,0,0.4,1,172.0,145,57.0,13.82,10.1
0,87,0,1,3.11,1,221.6,79,83.1,7.86,11.5
0,146,1,0,0.0,3,195.9,86,53.0,11.43,12.2
0,106,1,1,2.19,1,83.6,131,53.9,10.2,8.1
0,90,1,0,0.0,0,76.1,121,38.0,14.52,10.8
0,116,1,1,1.89,2,204.7,118,71.9,10.47,7.0
0,152,1,0,0.23,1,161.4,84,44.3,8.18,11.8
0,156,1,1,4.0,1,192.3,137,90.0,10.0,14.8
0,112,1,0,0.0,0,166.0,79,35.0,3.73,6.3
0,57,1,1,3.0,2,193.4,105,83.0,11.58,11.1
0,122,1,0,0.0,2,243.8,98,49.0,4.2,13.7
0,135,1,0,0.42,1,201.8,81,58.2,11.25,10.3
1,79,1,0,0.0,3,261.7,97,63.0,10.53,6.0
0,85,1,0,0.25,0,127.9,107,47.5,13.56,12.5
0,107,1,0,0.0,2,167.3,100,43.0,8.2,6.7
1,95,1,0,0.0,6,128.6,115,41.0,10.81,6.3
0,141,1,1,2.05,3,149.7,112,60.5,8.13,7.6
0,110,1,0,0.0,1,148.5,115,49.0,13.82,12.4
0,148,1,0,0.39,1,178.3,98,58.9,14.13,11.4
0,21,1,1,2.57,6,135.9,90,72.7,13.55,9.5
0,72,1,1,3.97,3,220.0,80,95.7,10.87,14.7
0,68,1,0,0.0,3,148.8,70,47.0,12.33,12.1
0,60,1,0,0.0,0,207.8,109,46.0,6.18,5.7
0,159,1,0,0.0,1,87.7,103,39.0,13.91,10.5
0,98,1,1,3.24,1,121.0,105,72.4,10.95,12.0
0,127,1,0,0.0,1,182.3,124,46.0,8.5,9.3
0,62,1,0,0.0,0,147.1,91,42.0,9.52,12.2
0,78,1,0,0.0,2,190.3,88,49.0,9.73,11.7
0,174,1,0,0.0,3,124.3,76,45.0,13.86,15.5
0,120,1,0,0.0,3,203.3,108,57.0,13.0,7.8
0,93,1,0,0.24,1,239.8,70,65.4,12.59,10.9
0,106,1,0,0.0,1,235.2,121,59.0,11.03,11.8
1,120,0,0,0.0,2,202.0,123,51.0,9.22,7.4
0,160,1,0,0.31,0,174.3,105,48.1,8.57,8.3
0,109,1,0,0.37,3,153.1,102,49.7,11.71,9.9
0,85,1,0,0.0,4,183.4,111,46.0,8.44,9.9
0,112,1,0,0.0,1,81.6,94,37.0,13.41,8.6
0,148,1,0,0.0,1,208.4,120,51.0,8.72,11.2
0,124,1,0,0.0,1,169.3,108,44.0,8.93,12.2
0,150,1,1,2.97,1,174.4,75,74.7,8.5,11.0
0,105,1,0,0.38,1,213.4,100,57.8,10.25,9.5
0,92,1,1,3.27,2,243.1,92,92.7,10.69,12.1
0,59,1,0,0.0,2,107.8,113,37.0,10.83,9.9
0,72,1,0,0.28,0,196.5,88,49.8,7.93,6.8
1,17,0,0,0.36,0,162.8,118,51.6,11.48,13.6
0,116,1,0,0.23,2,217.3,91,58.3,10.81,11.3
0,45,1,0,0.0,1,211.3,87,50.0,8.29,13.3
0,123,1,1,4.16,1,270.4,99,108.6,12.26,15.4
0,124,1,0,0.0,0,194.0,103,54.0,12.05,11.9
0,82,1,1,1.11,1,146.5,73,57.1,12.32,4.1
0,132,1,0,0.0,1,121.5,88,43.0,12.65,10.7
0,63,0,0,0.0,1,62.9,112,28.0,10.15,8.9
0,155,1,0,0.0,0,71.2,90,38.0,15.22,8.6
0,225,1,0,0.0,1,182.7,142,53.0,12.33,8.8
0,123,1,0,0.0,2,175.7,78,46.0,9.23,9.1
0,185,1,0,0.0,2,55.6,97,34.0,14.44,12.1
0,85,1,0,0.0,1,210.3,66,53.0,9.79,11.2
0,157,1,0,0.39,3,168.6,71,50.9,10.26,5.9
0,95,1,0,0.0,2,157.3,116,44.0,9.88,8.4
0,79,0,0,0.31,2,103.5,134,48.1,15.97,8.4
0,87,1,1,2.57,3,82.6,113,59.7,11.22,9.5
0,125,1,1,2.46,2,236.1,107,89.6,14.46,9.1
0,144,1,1,2.73,1,106.4,109,55.3,5.41,10.1
0,122,1,0,0.23,2,140.1,120,46.3,11.57,11.2
0,61,1,0,0.2,1,234.2,76,61.0,10.84,13.9
0,101,0,0,0.0,1,156.4,116,38.0,6.52,7.3
0,76,1,0,0.35,0,179.2,85,53.5,11.15,12.4
0,57,1,0,0.31,1,154.2,78,46.1,9.84,10.1
0,61,0,1,3.05,0,143.5,76,76.5,12.13,11.3
0,80,1,0,0.0,1,124.3,100,36.0,8.65,7.9
0,144,1,0,0.0,0,133.3,101,45.0,12.78,11.6
1,71,0,0,0.0,3,178.2,113,45.0,8.39,13.6
0,126,0,1,2.59,1,129.3,123,62.9,8.83,9.6
0,163,1,1,3.35,2,215.1,91,82.5,6.95,12.4
0,98,1,1,1.78,2,111.1,105,55.8,10.9,6.6
0,31,1,1,2.86,1,171.8,116,78.6,12.04,10.6
0,78,1,0,0.23,2,193.4,99,45.3,5.85,9.3
0,101,1,0,0.0,1,174.9,105,52.0,13.1,8.5
0,125,1,1,2.54,1,96.5,109,54.4,7.29,9.4
0,117,1,0,0.39,1,119.0,82,40.9,9.38,11.5
0,46,1,0,0.0,1,156.4,105,43.0,9.28,11.8
0,96,0,0,0.0,2,200.6,117,59.0,14.48,11.2
0,56,1,0,0.0,1,137.2,111,38.0,8.3,14.3
0,96,1,0,0.0,3,197.7,68,55.0,12.53,10.5
1,61,1,1,1.73,4,187.5,124,62.3,7.33,6.4
0,88,1,0,0.0,1,113.7,67,34.0,8.26,10.8
0,154,1,1,2.59,0,224.0,102,80.9,9.6,9.6
0,132,0,1,3.48,2,200.3,75,88.8,11.33,12.9
0,36,1,0,0.34,0,157.6,117,46.4,9.22,11.9
0,90,1,1,3.0,2,185.6,106,81.0,10.99,11.1
1,23,1,0,0.0,2,321.6,107,77.0,12.58,11.3
0,176,1,0,0.25,2,47.4,125,25.5,8.39,10.5
0,63,1,0,0.0,1,128.7,78,43.0,12.04,12.8
0,113,1,0,0.0,2,156.0,141,49.0,12.84,11.9
0,107,1,1,2.24,0,204.2,57,75.4,10.3,8.3
0,102,1,0,0.0,2,123.1,106,37.0,9.1,12.6
0,11,1,1,2.7,2,131.5,98,69.0,11.51,10.0
0,155,1,1,3.62,2,243.9,112,89.2,6.65,13.4
1,144,1,0,0.0,1,278.5,95,68.0,12.04,11.6
0,36,1,1,2.43,2,281.4,102,90.3,10.11,9.0
0,101,1,1,2.57,0,209.2,82,75.7,7.99,9.5
0,54,1,0,0.0,1,210.5,102,54.0,10.23,8.5
0,34,1,0,0.0,0,151.0,102,37.0,6.57,9.9
0,57,1,0,0.0,0,158.1,117,37.0,5.76,11.8
0,120,1,1,3.13,0,299.5,83,96.3,8.17,11.6
0,204,1,0,0.0,6,174.3,85,52.0,12.71,5.9
1,89,1,0,0.0,1,213.0,63,52.0,8.83,9.1
0,210,1,0,0.28,2,104.6,121,33.8,7.48,6.5
0,84,0,0,0.0,2,299.4,71,57.0,3.1,6.6
1,161,1,0,0.0,4,154.7,84,42.0,8.89,5.9
0,158,1,0,0.0,1,195.9,103,41.0,4.46,10.3
0,90,1,0,0.0,2,179.2,77,49.0,10.54,9.2
0,1,1,1,2.27,0,183.1,95,73.7,11.63,8.4
0,12,1,0,0.0,2,204.6,98,53.0,10.63,9.8
0,128,1,1,2.7,1,265.1,110,89.0,9.87,10.0
0,140,1,0,0.0,1,160.5,114,48.0,12.03,11.3
0,113,1,0,0.0,1,207.2,113,57.0,12.8,9.9
0,84,1,1,3.46,1,153.9,102,73.6,7.04,12.8
0,122,1,1,3.13,1,163.0,107,86.3,15.64,11.6
0,116,1,0,0.23,3,173.5,93,48.3,9.71,16.2
0,105,1,0,0.0,2,102.8,74,42.0,14.09,13.2
0,99,1,0,0.0,1,124.6,90,34.0,7.32,10.5
1,108,1,0,0.27,2,291.6,99,71.7,11.06,14.0
0,117,1,0,0.0,0,239.9,84,56.0,8.74,9.8
0,48,1,0,0.0,0,128.2,71,26.0,2.41,8.9
0,161,1,0,0.0,1,173.4,100,48.0,10.69,11.5
1,149,0,1,2.38,5,126.9,97,59.8,8.35,8.8
0,127,1,0,0.0,2,220.2,108,54.0,9.42,11.7
0,141,1,1,3.32,0,116.9,127,77.2,13.83,12.3
0,118,0,0,0.0,0,223.4,98,57.0,11.03,6.3
1,146,1,0,0.0,7,149.3,83,42.0,9.36,7.9
1,144,1,1,1.76,2,189.8,96,60.6,6.17,6.5
0,59,1,0,0.19,0,159.5,96,43.9,8.36,10.2
1,180,1,0,0.0,3,224.9,105,60.0,12.5,6.7
0,117,1,0,0.0,3,102.3,100,29.0,6.76,15.7
0,107,1,1,3.02,1,281.1,83,90.2,7.19,11.2
1,123,0,0,0.0,4,125.5,106,33.0,6.45,6.3
0,66,1,0,0.0,1,207.7,85,53.0,9.84,6.8
1,168,1,0,0.0,2,163.4,134,49.0,12.01,11.6
0,58,1,0,0.0,2,238.9,107,57.0,9.36,11.8
0,19,1,0,0.31,1,201.5,123,49.1,6.46,12.9
0,80,1,0,0.0,1,197.6,83,48.0,8.23,6.4
0,101,0,0,0.38,0,193.7,108,52.8,9.33,11.6
0,151,1,1,3.62,0,196.5,98,85.2,8.79,13.4
0,101,0,0,0.17,1,133.5,51,43.7,10.98,11.7
0,117,1,1,2.62,1,207.6,65,75.2,7.64,9.7
0,163,1,0,0.0,1,197.0,109,51.0,10.13,9.1
0,102,1,0,0.0,4,174.5,73,48.0,10.69,10.3
0,62,1,0,0.0,1,98.9,103,29.0,6.77,12.2
0,101,1,0,0.0,1,183.9,115,54.0,12.8,10.8
0,45,1,1,2.08,1,91.7,104,49.8,7.53,7.7
0,116,1,0,0.0,1,189.5,90,49.0,9.49,13.1
0,149,0,0,0.18,0,176.2,87,44.8,7.25,5.7
0,12,0,0,0.0,2,216.7,117,47.0,5.83,9.8
1,88,1,0,0.39,4,301.5,136,77.9,12.89,13.4
0,110,1,0,0.0,3,196.1,103,51.0,9.99,12.9
0,138,1,0,0.27,1,133.9,87,39.7,8.32,15.4
0,99,0,0,0.0,4,197.2,127,47.0,7.8,9.9
0,83,1,1,3.54,3,155.9,122,76.4,8.12,13.1
0,147,1,0,0.26,2,124.4,74,51.6,16.05,10.4
0,197,1,0,0.0,0,233.9,96,59.0,10.95,9.5
0,134,1,1,4.48,0,80.3,94,75.8,10.0,16.6
0,56,1,1,3.27,1,127.1,89,69.7,8.61,12.1
0,27,1,0,0.0,1,82.6,105,32.0,10.2,9.1
0,100,1,0,0.3,0,216.2,107,59.0,10.78,10.2
0,133,1,0,0.0,0,201.7,85,49.0,8.47,6.0
1,89,1,0,0.0,5,129.2,71,41.0,10.71,10.3
0,75,1,1,3.35,1,130.9,115,73.5,10.17,12.4
0,134,1,0,0.0,2,164.9,115,39.0,6.33,10.0
0,59,1,1,2.46,0,127.4,110,55.6,5.17,9.1
0,91,1,0,0.0,0,149.0,115,47.0,12.27,8.3
0,123,1,0,0.0,0,128.7,126,32.0,5.88,10.8
0,167,1,0,0.0,0,207.6,88,47.0,6.62,14.1
0,131,1,0,0.0,2,196.1,89,50.0,9.28,5.2
0,139,1,1,2.24,2,231.0,85,81.4,11.12,8.3
1,23,1,0,0.0,1,113.1,74,34.0,8.44,6.9
0,42,0,0,0.0,2,180.7,127,46.0,8.73,12.0
1,68,1,0,0.21,1,213.9,112,61.1,13.03,8.4
0,60,0,0,0.0,1,183.0,110,49.0,10.34,11.1
0,72,1,0,0.42,3,118.2,106,39.2,8.36,12.2
1,113,1,1,2.35,5,157.8,83,64.5,8.08,8.7
0,93,1,0,0.0,1,98.4,78,38.0,12.48,14.2
0,104,1,0,0.34,3,109.1,141,38.4,9.36,10.0
0,93,1,1,2.54,2,218.7,117,72.4,5.75,9.4
0,143,1,0,0.0,2,194.3,99,44.0,6.18,10.2
0,127,1,1,1.97,0,203.8,118,77.7,13.36,7.3
0,98,1,0,0.0,1,169.9,77,41.0,6.92,8.5
0,74,1,0,0.0,3,262.3,114,62.0,9.95,6.6
0,140,1,0,0.28,3,129.6,79,45.8,12.31,9.4
0,108,1,0,0.0,0,169.6,99,52.0,13.21,9.3
0,59,1,0,0.0,1,155.2,79,47.0,11.77,8.7
0,96,1,1,3.05,1,183.1,88,74.5,7.37,11.3
0,99,1,0,0.0,0,182.6,83,45.0,7.73,12.1
0,73,1,0,0.31,0,240.3,130,58.1,8.13,11.9
0,36,1,0,0.0,1,175.1,144,49.0,10.85,9.9
0,68,1,1,1.65,1,160.0,72,59.5,9.23,6.1
0,4,0,0,0.0,0,145.3,89,51.0,15.19,8.9
0,85,1,1,3.73,1,196.4,139,95.3,14.05,13.8
0,70,1,0,0.3,1,170.2,98,46.0,7.76,15.0
1,154,0,0,0.36,0,145.9,69,46.6,10.41,14.4
0,161,1,0,0.0,2,72.8,120,36.0,13.36,11.8
0,100,1,0,0.0,0,203.8,122,59.0,14.16,12.5
0,121,1,0,0.32,2,207.9,98,57.2,10.53,7.7
0,136,1,1,3.08,2,143.1,88,75.8,11.83,11.4
1,197,0,0,0.12,5,127.3,80,42.2,11.12,13.7
0,131,1,0,0.46,0,153.4,86,47.6,9.93,10.4
0,60,1,0,0.35,3,125.1,99,46.5,12.44,11.2
0,124,1,0,0.0,2,150.3,101,48.0,12.8,12.5
0,95,1,0,0.0,1,183.4,98,56.0,14.07,8.2
0,148,1,0,0.0,0,124.4,83,37.0,8.99,11.3
0,149,1,0,0.0,2,196.3,108,45.0,6.84,7.7
0,189,1,0,0.0,3,208.3,106,56.0,11.84,11.3
0,121,1,1,2.73,4,237.1,63,85.3,10.28,10.1
0,113,1,0,0.0,1,186.0,55,52.0,11.87,12.2
0,98,1,0,0.39,2,136.1,82,40.9,7.82,10.1
1,84,1,0,0.0,3,225.9,86,62.0,13.78,14.3
0,99,1,0,0.33,1,145.6,106,37.3,4.92,10.9
0,104,1,0,0.33,4,167.6,116,51.3,10.96,11.7
1,49,1,0,0.0,2,266.3,90,63.0,10.39,14.0
1,116,1,0,0.0,6,159.4,79,43.0,8.98,9.7
0,74,1,1,2.94,2,154.1,104,66.4,6.17,10.9
0,161,1,0,0.0,1,196.6,73,48.0,8.51,12.5
0,139,1,0,0.35,0,139.0,110,38.5,6.65,12.1
0,113,1,0,0.0,1,90.6,130,30.0,8.53,5.4
0,109,1,0,0.0,2,170.7,101,50.0,12.01,11.4
1,99,1,0,0.0,7,115.5,75,39.0,10.91,11.5
0,97,1,0,0.0,1,146.0,121,43.0,10.15,13.3
0,77,1,0,0.0,2,233.8,104,63.0,13.33,7.6
0,87,1,0,0.0,1,110.9,91,33.0,7.93,6.2
0,86,1,1,3.0,3,70.9,163,57.0,8.34,11.1
0,57,1,0,0.0,0,85.9,92,32.0,9.7,10.1
0,86,1,1,3.05,0,145.7,88,72.5,9.55,11.3
0,117,1,0,0.42,1,161.6,104,49.2,9.82,13.8
0,107,1,0,0.0,2,90.7,90,34.0,10.38,5.6
0,148,1,1,2.94,1,77.6,141,60.4,10.35,10.9
0,107,1,1,3.89,2,283.4,104,106.9,11.21,14.4
1,128,0,1,3.67,0,222.1,89,88.7,8.03,13.6
0,88,1,1,2.94,1,93.4,106,67.4,12.6,10.9
0,205,1,0,0.32,2,49.9,123,25.2,7.54,10.1
0,82,1,0,0.38,2,265.2,122,64.8,8.94,10.7
0,166,1,0,0.29,1,204.2,115,52.9,9.0,9.5
0,79,1,1,4.0,2,103.7,100,78.0,11.82,14.8
1,98,1,1,2.16,6,168.0,81,64.6,8.16,8.0
0,88,1,1,2.65,2,190.6,104,79.5,11.87,9.8
0,148,1,0,0.39,1,202.0,102,59.9,12.16,10.9
0,88,1,0,0.27,1,181.9,90,46.7,7.58,7.5
0,112,1,0,0.0,1,261.4,108,58.0,7.73,11.6
0,70,1,0,0.0,3,232.1,122,65.0,14.62,0.0
0,69,1,0,0.0,1,153.7,109,43.0,9.7,14.1
0,56,1,1,3.43,1,121.7,87,71.3,9.2,12.7
0,24,1,0,0.0,1,156.2,104,35.0,4.5,7.3
0,106,1,0,0.0,3,212.9,110,53.0,9.35,6.3
0,91,1,0,0.0,0,190.5,128,50.0,10.28,13.8
0,121,1,0,0.0,0,103.3,110,29.0,6.46,10.7
0,92,1,0,0.0,1,265.6,82,61.0,9.04,8.6
0,78,1,0,0.0,0,163.6,88,52.0,14.17,8.6
0,76,1,0,0.0,0,173.2,93,41.0,6.56,5.4
0,119,1,1,1.78,1,161.3,97,66.8,12.52,6.6
1,97,1,0,0.4,0,276.1,82,69.0,10.06,8.9
0,120,1,0,0.0,3,180.0,80,50.0,11.21,4.7
0,76,1,0,0.0,1,171.1,78,51.0,12.86,16.2
0,87,1,0,0.0,1,156.8,93,45.0,10.79,7.6
0,103,1,0,0.0,1,160.8,91,41.0,7.79,8.5
1,76,1,0,0.0,1,263.4,148,65.0,11.52,11.4
0,46,1,1,1.94,1,191.4,102,83.4,18.09,7.2
0,22,1,0,0.0,1,160.4,108,46.0,10.91,12.5
0,102,0,0,0.0,0,233.8,103,59.0,11.08,12.8
0,102,1,0,0.0,2,186.8,92,47.0,8.69,9.7
0,83,1,1,2.92,1,226.4,117,88.2,11.74,10.8
0,94,1,0,0.0,3,108.0,79,39.0,12.1,10.4
0,117,1,0,0.0,1,102.8,119,36.0,10.34,10.1
0,85,1,0,0.0,2,211.5,100,52.0,9.23,13.3
0,40,0,0,0.0,3,170.7,55,45.0,8.96,8.2
0,79,1,1,1.13,2,50.6,62,37.3,10.07,4.2
0,75,1,0,0.26,1,209.4,133,56.6,10.58,7.2
1,55,0,0,0.32,1,191.9,91,58.2,12.81,14.3
0,131,1,1,2.46,0,69.1,122,45.6,5.07,9.1
1,161,1,0,0.16,4,191.9,113,40.6,3.55,13.4
0,115,1,0,0.0,1,206.2,113,51.0,8.82,11.0
0,92,1,0,0.33,2,197.2,113,58.3,12.12,11.0
0,148,0,0,0.0,0,218.9,88,55.0,10.4,11.1
0,93,1,1,2.89,1,237.2,85,87.9,10.66,10.7
0,68,1,0,0.0,1,158.8,119,45.0,10.59,10.3
0,162,1,1,3.27,0,224.9,97,87.7,9.41,12.1
0,143,1,1,2.08,1,141.4,130,60.8,9.32,7.7
0,70,1,1,2.54,3,143.4,72,64.4,8.5,9.4
0,59,0,1,2.46,1,225.0,78,79.6,9.57,9.1
0,61,1,0,0.0,2,188.9,105,46.0,7.68,10.2
1,87,1,0,0.0,2,322.5,106,73.0,10.23,9.4
0,105,1,0,0.0,1,206.2,84,57.0,12.82,9.0
0,113,1,0,0.0,2,187.6,97,50.0,10.41,8.7
0,137,1,0,0.13,3,115.0,130,33.3,6.89,7.3
0,91,1,1,1.67,1,146.1,98,65.7,13.87,6.2
0,85,1,0,0.0,3,255.3,114,60.0,9.73,3.7
0,107,1,0,0.0,1,230.4,65,62.0,12.87,8.5
0,86,1,1,3.13,4,144.8,105,74.3,10.31,11.6
0,115,1,0,0.0,1,127.7,67,38.0,9.15,10.6
0,77,1,0,0.0,1,221.8,84,52.0,8.3,13.2
1,92,0,0,0.0,1,62.6,111,26.0,9.03,10.4
0,84,1,1,3.05,0,214.3,112,83.5,9.41,11.3
1,82,1,0,0.0,0,329.8,73,74.0,10.42,10.6
0,100,1,0,0.0,1,218.8,125,50.0,7.42,9.7
1,119,1,0,0.0,1,260.1,101,67.0,12.83,10.0
0,97,1,1,1.32,3,141.0,101,55.2,10.6,4.9
1,85,1,0,0.0,2,236.9,93,58.0,9.89,11.4
0,73,1,0,0.0,0,254.7,80,51.0,4.51,10.6
0,86,1,0,0.0,0,217.8,93,56.0,10.74,11.3
0,162,1,1,3.32,0,184.5,139,80.2,9.16,12.3
0,182,1,1,3.13,1,128.1,104,65.3,7.17,11.6
0,77,1,1,2.62,2,211.1,89,81.2,11.18,9.7
0,98,1,0,0.0,4,161.0,117,44.0,9.55,12.1
0,20,1,0,0.0,2,186.8,89,54.0,12.67,12.3
0,128,1,0,0.28,0,195.6,99,59.8,13.39,16.0
0,38,1,0,0.0,2,137.8,86,48.0,14.32,14.1
0,114,1,0,0.12,1,203.8,85,44.2,4.39,11.7
0,120,1,0,0.26,1,192.6,123,53.6,10.32,10.8
0,55,1,1,2.32,2,105.3,82,58.2,9.87,8.6
0,113,1,0,0.0,1,215.6,96,54.0,9.67,13.5
0,132,1,0,0.0,0,222.4,85,52.0,8.27,11.2
1,127,1,0,0.0,0,245.2,91,61.0,10.86,13.9
0,78,1,0,0.0,0,149.7,119,41.0,9.11,9.7
0,21,1,0,0.0,1,223.2,142,57.0,10.83,12.4
0,106,1,0,0.0,0,128.6,83,34.0,6.7,11.4
0,45,1,1,3.21,0,196.6,84,93.1,15.66,11.9
0,109,1,0,0.0,2,137.0,128,42.0,10.85,10.0
0,61,1,0,0.0,2,197.7,118,47.0,7.61,7.0
0,151,1,0,0.0,0,178.7,116,56.0,14.61,9.8
0,87,1,0,0.0,1,168.2,92,48.0,11.24,12.9
0,98,1,0,0.3,3,126.3,102,39.0,8.34,9.4
0,209,1,0,0.0,3,227.2,128,61.0,12.92,8.9
0,66,1,0,0.0,2,170.5,103,51.0,12.72,10.5
0,63,1,1,2.21,0,214.9,86,76.1,9.91,8.2
0,129,1,0,0.0,4,186.0,127,54.0,13.12,11.5
0,83,1,0,0.0,0,117.9,101,34.0,8.02,11.4
1,111,1,0,0.0,0,249.8,109,64.0,12.12,11.6
0,101,1,0,0.0,1,154.4,130,45.0,10.86,13.9
0,118,0,0,0.0,2,160.0,123,43.0,8.77,9.9
0,114,1,1,3.11,2,137.1,88,68.1,7.79,11.5
1,79,1,0,0.31,1,268.3,114,65.1,9.28,6.3
0,141,1,0,0.26,3,51.9,108,25.6,8.1,10.1
0,87,1,1,2.75,2,125.0,99,69.5,11.77,10.2
1,62,1,1,3.0,2,186.4,84,79.0,10.05,11.1
0,37,1,0,0.0,2,199.5,107,52.0,10.38,8.1
0,105,0,0,0.31,3,150.0,106,54.1,14.69,10.3
0,25,1,0,0.33,2,242.6,69,63.3,10.45,14.4
0,106,1,0,0.0,0,159.6,94,51.0,13.84,8.8
1,174,1,1,3.92,4,167.8,91,85.2,10.27,14.5
0,73,1,1,2.38,2,198.2,107,69.8,6.96,8.8
1,141,1,1,1.81,1,322.4,92,97.1,14.16,6.7
1,134,1,0,0.0,0,296.0,93,70.0,11.32,12.3
0,92,1,1,3.43,2,184.0,99,72.3,3.82,12.7
0,44,0,0,0.0,1,62.3,92,34.0,13.75,10.8
0,130,1,0,0.0,0,183.0,112,38.0,3.65,9.5
0,123,1,0,0.0,3,166.9,98,48.0,11.09,12.8
1,88,0,0,0.0,4,235.1,98,62.0,12.59,7.2
0,86,1,0,0.0,2,126.3,115,36.0,8.44,9.8
0,128,1,0,0.0,1,148.5,105,46.0,12.15,6.8
0,190,1,1,2.67,1,116.7,71,59.7,7.3,9.9
0,90,1,0,0.0,2,205.7,138,49.0,8.1,12.5
0,52,1,0,0.0,4,209.8,114,51.0,8.57,9.9
0,106,1,1,2.21,3,88.5,100,65.1,16.24,8.2
1,71,1,0,0.0,3,290.4,108,71.0,12.7,10.1
0,51,1,1,2.24,0,276.7,121,87.4,10.19,8.3
1,76,1,0,0.0,4,107.3,140,39.0,11.91,10.0
1,72,1,0,0.0,4,287.4,116,69.0,11.77,5.0
0,124,1,0,0.0,2,254.3,113,50.0,3.95,11.8
0,75,1,0,0.0,1,203.3,70,55.0,11.45,14.3
1,12,1,0,0.0,1,249.6,118,64.0,12.62,11.8
0,130,1,0,0.28,0,213.1,105,56.8,10.31,8.9
0,117,0,0,0.0,1,198.4,121,55.0,12.48,10.5
0,163,1,0,0.0,1,223.0,120,58.0,11.35,8.8
0,94,1,0,0.0,0,85.9,113,34.0,11.34,15.6
1,74,1,0,0.0,3,314.1,86,73.0,11.12,12.3
0,21,1,0,0.0,2,91.9,109,33.0,9.92,13.0
0,122,1,0,0.0,0,145.6,102,49.0,14.24,12.2
0,86,1,1,2.43,1,221.6,74,87.3,14.42,9.0
0,138,1,0,0.43,2,170.5,87,44.3,5.91,11.2
0,104,1,1,3.62,2,182.1,66,86.2,10.68,13.4
0,108,1,1,2.65,2,276.6,99,92.5,11.01,9.8
1,132,1,0,0.0,1,291.2,104,70.0,11.71,8.9
0,65,1,0,0.28,2,192.0,89,47.8,6.98,5.5
0,148,1,1,4.1,2,244.9,150,93.0,5.9,15.2
0,127,1,1,2.75,1,166.0,114,71.5,8.73,10.2
0,115,1,1,3.11,1,222.6,81,86.1,9.52,11.5
0,45,1,0,0.0,2,112.8,108,38.0,10.94,9.0
1,115,1,0,0.0,7,139.3,89,41.0,9.62,9.3
0,200,1,0,0.0,1,128.2,87,34.0,6.66,11.2
0,89,1,0,0.0,3,111.2,101,30.0,6.11,12.6
0,70,1,0,0.0,1,152.8,145,42.0,9.18,10.5
0,135,1,0,0.0,4,218.8,123,58.0,12.14,10.3
0,46,1,0,0.0,2,40.4,105,22.0,8.62,9.0
0,123,1,1,4.05,0,218.7,79,92.5,8.17,15.0
0,78,1,0,0.0,2,152.9,81,48.0,12.83,5.3
1,69,0,1,2.21,1,271.5,98,90.1,12.67,8.2
0,71,1,0,0.0,0,243.7,124,47.0,3.0,11.3
0,64,1,0,0.29,3,113.8,97,38.9,9.62,10.4
0,100,1,0,0.0,0,78.7,98,33.0,11.28,14.0
0,132,1,0,0.0,0,81.1,86,35.0,12.26,10.3
0,68,1,0,0.41,3,131.6,89,39.1,6.85,10.2
1,122,1,0,0.0,4,296.4,99,69.0,10.74,11.4
0,163,1,0,0.0,5,202.9,100,50.0,8.93,12.8
0,143,1,1,2.57,1,239.2,109,86.7,11.78,9.5
0,132,1,0,0.0,3,240.1,115,57.0,9.02,8.0
0,63,0,1,2.97,1,199.0,110,88.7,14.57,11.0
1,62,0,1,3.56,0,218.4,93,93.6,11.84,13.2
0,103,1,1,1.86,1,111.8,85,58.6,11.98,6.9
0,144,0,0,0.27,0,150.0,69,52.7,14.3,9.4
0,90,1,0,0.28,2,114.4,122,33.8,6.39,10.1
0,152,1,0,0.22,2,101.2,122,32.2,7.08,7.5
0,72,1,0,0.0,4,217.8,93,54.0,9.49,10.4
0,54,0,0,0.0,1,214.1,77,57.0,12.03,10.1
0,60,1,0,0.0,1,145.0,133,43.0,10.46,14.6
0,137,0,0,0.34,2,174.0,123,47.4,8.07,11.4
0,161,1,0,0.0,1,151.6,117,45.0,10.97,4.0
0,124,1,0,0.0,1,191.3,134,55.0,13.08,10.0
0,151,1,0,0.0,1,134.5,88,36.0,7.16,15.4
0,152,1,0,0.0,1,206.3,98,60.0,14.64,10.6
1,123,1,0,0.0,2,236.2,135,64.0,13.7,10.1
0,54,0,0,0.0,3,236.3,91,54.0,7.64,11.2
1,96,1,0,0.0,1,276.9,105,69.0,12.35,10.3
0,136,1,1,2.57,2,179.4,88,71.7,9.06,9.5
0,43,1,0,0.26,2,159.5,99,40.6,5.99,6.8
0,43,1,0,0.36,0,230.2,147,58.6,9.34,9.2
0,11,1,1,1.89,1,209.8,130,71.9,9.83,7.0
0,135,1,0,0.0,1,190.9,44,47.0,8.07,8.4
1,125,0,1,4.59,1,260.8,81,104.9,8.19,17.0
0,166,1,0,0.23,0,152.1,95,39.3,6.05,9.8
0,120,1,0,0.36,2,98.2,99,36.6,9.34,9.3
1,108,1,0,0.0,0,198.5,99,57.0,13.39,9.4
1,93,0,0,0.0,1,131.4,78,42.0,10.99,11.1
0,130,1,0,0.35,1,162.8,113,56.5,14.52,7.2
1,54,1,0,0.0,1,272.6,83,68.0,12.44,9.5
0,105,1,0,0.3,1,146.4,81,48.0,11.26,8.5
0,60,1,0,0.0,1,221.1,106,53.0,8.93,7.4
0,138,1,0,0.18,1,230.1,107,59.8,10.6,13.2
1,131,0,1,3.73,4,292.9,101,104.3,9.99,13.8
0,113,1,0,0.0,1,155.0,93,55.0,16.53,13.5
0,127,1,0,0.0,2,202.1,103,54.0,11.47,11.5
0,141,1,0,0.0,1,151.5,104,47.0,12.11,10.8
0,37,1,1,2.81,0,264.7,81,92.1,10.83,10.4
0,105,1,1,2.4,1,186.9,114,78.0,12.82,8.9
0,42,1,1,2.19,0,163.8,80,64.9,8.89,8.1
0,102,1,0,0.0,0,114.8,125,27.0,4.1,12.0
0,164,1,1,3.86,1,219.1,88,89.6,7.58,14.3
0,153,1,1,2.54,0,218.5,130,74.4,6.71,9.4
0,69,1,0,0.29,3,195.3,70,54.9,10.84,12.5
0,67,1,1,2.03,1,245.4,89,75.3,7.41,7.5
0,162,1,0,0.0,2,135.2,98,44.0,12.1,10.2
1,97,1,0,0.0,0,225.1,90,63.0,13.98,8.8
0,119,1,1,3.05,0,217.2,94,79.5,6.94,11.3
0,72,1,0,0.31,2,139.9,117,46.1,11.18,12.7
0,99,1,1,2.08,3,244.1,71,79.8,10.17,7.7
0,129,1,0,0.0,2,157.0,113,49.0,12.85,12.1
0,41,1,0,0.0,1,207.2,138,54.0,10.71,11.9
1,103,0,0,0.0,1,255.9,128,56.0,7.05,12.1
0,172,1,1,2.38,1,274.9,102,86.8,9.33,8.8
1,61,1,0,0.0,1,267.1,104,61.0,9.02,17.3
1,100,1,0,0.34,4,107.0,63,31.4,5.29,12.8
0,107,1,1,3.0,0,60.0,102,49.0,5.11,11.1
0,93,1,1,2.65,1,117.9,131,61.5,8.23,9.8
0,125,1,0,0.0,0,168.6,99,44.0,8.78,10.9
0,43,1,0,0.0,0,135.8,125,37.0,8.16,12.6
0,111,1,0,0.0,1,214.3,118,55.0,10.43,12.0
0,131,1,0,0.0,2,263.4,123,58.0,7.6,10.7
0,180,1,0,0.4,1,143.3,134,44.0,9.03,10.1
0,148,1,1,2.67,1,158.7,91,67.7,8.03,9.9
0,110,1,1,1.7,1,192.3,114,61.0,6.47,6.3
0,82,0,0,0.0,3,208.8,101,54.0,10.69,12.4
1,98,1,0,0.2,0,217.2,121,65.0,15.17,12.4
0,129,1,0,0.0,1,161.3,122,47.0,11.03,9.6
0,73,1,0,0.0,0,203.3,45,47.0,7.1,8.5
1,76,0,0,0.34,1,241.0,120,64.4,11.59,9.9
0,150,1,0,0.36,3,126.0,99,45.6,11.93,10.2
0,112,1,0,0.27,2,217.1,76,57.7,10.26,9.4
0,177,1,0,0.0,1,189.5,99,48.0,8.82,14.2
0,73,1,0,0.43,1,194.8,112,52.3,8.36,10.8
0,139,0,0,0.0,0,161.5,121,44.0,9.65,11.2
0,125,1,0,0.0,0,206.0,128,52.0,9.91,13.2
0,121,1,0,0.0,1,179.4,70,43.0,7.15,11.2
1,136,0,0,0.0,3,199.6,89,52.0,10.57,11.0
0,86,1,1,2.65,2,99.9,84,66.5,13.18,9.8
1,201,1,0,0.0,1,225.9,110,64.0,14.96,11.2
0,36,1,1,2.46,1,152.8,110,71.6,12.14,9.1
0,95,1,0,0.0,4,238.1,65,57.0,9.36,11.8
0,94,1,0,0.0,1,163.5,136,41.0,7.19,12.6
0,126,1,0,0.0,0,161.4,110,47.0,11.03,5.1
0,87,1,1,3.02,0,143.5,106,74.2,11.18,11.2
0,22,1,1,3.43,3,182.1,94,79.3,8.23,12.7
0,47,1,1,2.08,2,165.0,89,59.8,6.37,7.7
0,171,1,1,2.75,3,223.2,77,81.5,9.16,10.2
0,86,1,0,0.0,3,124.1,82,39.0,10.13,6.7
0,82,1,1,2.38,2,163.8,77,63.8,6.75,8.8
0,165,1,0,0.0,0,209.4,67,59.0,13.69,12.8
0,107,1,1,3.7,1,161.6,123,82.0,9.78,13.7
0,95,1,0,0.0,3,141.1,84,42.0,10.57,5.9
0,114,1,1,2.27,4,225.8,94,77.7,9.65,8.4
0,110,1,0,0.29,2,149.8,112,43.9,9.0,11.7
0,118,1,0,0.0,0,140.4,112,40.0,9.36,7.9
0,124,1,0,0.0,1,188.5,77,48.0,9.1,6.1
0,124,1,0,0.0,1,131.8,82,47.0,14.22,11.3
0,149,1,0,0.0,0,237.6,79,57.0,9.62,9.1
0,107,1,1,2.97,2,219.4,92,82.7,9.03,11.0
0,156,1,0,0.0,1,237.7,122,56.0,9.08,7.7
0,94,1,0,0.0,0,181.3,135,47.0,9.12,6.7
1,139,1,0,0.0,1,236.6,109,55.0,8.5,11.1
0,123,1,1,0.78,0,146.6,87,42.8,5.74,2.9
0,110,1,0,0.33,1,208.0,69,47.3,4.76,8.0
0,110,1,1,2.62,1,236.3,102,83.2,9.8,9.7
0,74,1,0,0.0,0,221.1,124,48.0,5.54,10.6
0,71,1,0,0.0,3,197.9,108,50.0,9.08,6.7
0,117,1,0,0.0,2,149.9,95,48.0,12.81,13.3
0,48,1,0,0.2,1,275.2,67,65.0,9.01,7.9
0,91,1,1,1.78,3,204.6,96,64.8,6.8,6.6
1,37,1,0,0.0,2,239.9,120,64.0,13.08,8.9
0,81,1,1,2.62,0,210.4,100,81.2,11.28,9.7
0,108,1,1,2.35,3,170.7,88,62.5,5.5,8.7
0,168,1,0,0.37,2,183.2,131,50.7,8.96,9.9
0,108,1,0,0.0,0,199.3,104,53.0,11.21,15.2
0,155,1,0,0.34,1,184.6,102,52.4,9.8,7.8
0,111,1,0,0.35,1,78.3,119,34.5,9.91,12.1
1,182,1,0,0.0,2,279.1,124,63.0,9.03,9.5
0,153,1,0,0.0,1,195.4,107,47.0,7.73,11.6
0,136,1,0,0.0,1,152.6,97,44.0,10.45,5.0
1,122,0,0,0.0,0,230.9,132,60.0,12.16,11.0
0,120,1,1,0.0,1,128.5,115,36.0,8.19,0.0
0,137,1,0,0.0,0,208.8,120,55.0,11.27,11.1
0,77,1,1,2.73,1,149.4,74,63.3,6.2,10.1
1,111,1,0,0.0,4,176.9,128,39.0,5.14,10.5
0,78,1,1,2.57,2,160.6,85,72.7,11.16,9.5
0,145,1,0,0.0,2,129.4,97,38.0,9.27,1.1
0,51,1,0,0.0,0,227.2,89,56.0,9.72,14.9
1,69,0,0,0.0,2,279.8,90,69.0,12.44,8.4
1,96,1,0,0.0,1,180.6,92,47.0,9.55,10.3
1,139,1,0,0.0,5,134.4,106,41.0,10.57,10.2
0,47,1,1,2.11,1,141.3,94,60.1,8.4,7.8
0,75,1,0,0.0,1,111.7,121,40.0,11.87,13.1
0,128,1,0,0.0,2,268.1,95,56.0,6.03,14.4
1,137,0,0,0.21,0,258.0,112,67.1,12.33,10.9
0,174,1,0,0.0,0,235.5,108,53.0,7.12,12.5
1,110,1,0,0.0,2,271.1,108,67.0,11.85,9.8
0,61,1,1,2.32,0,288.7,101,90.2,10.19,8.6
0,52,1,1,3.65,1,133.3,63,75.5,9.21,13.5
0,77,1,0,0.0,0,189.5,112,50.0,10.35,9.2
1,60,1,0,0.0,2,289.8,101,71.0,12.78,11.7
0,195,1,0,0.0,0,63.2,108,30.0,11.01,5.1
0,53,1,1,3.24,2,167.3,99,77.4,9.74,12.0
0,52,1,0,0.0,1,215.9,67,56.0,10.85,5.2
0,136,1,0,0.3,2,142.3,79,41.0,7.9,6.0
0,105,1,0,0.4,4,211.1,99,55.0,8.84,14.7
0,150,1,0,0.26,1,146.3,133,45.6,10.14,13.1
0,50,1,0,0.0,3,188.9,94,50.0,10.2,11.6
0,131,1,1,3.62,1,156.6,134,69.2,3.55,13.4
0,149,1,0,0.0,1,187.6,83,50.0,10.07,8.8
1,99,1,0,0.12,7,135.7,107,42.2,10.42,8.8
0,120,1,0,0.0,2,252.0,120,56.0,7.51,9.6
0,149,1,0,0.0,2,175.4,80,47.0,9.87,9.7
1,97,1,0,0.0,4,120.8,96,35.0,8.49,11.9
0,133,1,0,0.0,0,227.4,90,45.0,3.66,4.7
0,127,0,0,0.26,2,180.9,114,51.6,10.48,7.4
0,65,1,1,3.38,4,208.8,119,81.8,7.11,12.5
0,70,1,0,0.17,0,126.3,99,35.7,7.08,9.6
1,73,1,0,0.0,1,286.4,109,64.0,8.91,10.7
1,71,1,0,0.0,0,238.0,82,65.0,13.93,11.8
0,103,1,0,0.33,0,189.8,110,46.3,5.78,12.2
0,116,1,0,0.0,0,160.7,69,40.0,7.34,8.2
0,155,1,1,2.32,0,195.9,91,75.2,10.7,8.6
0,117,1,0,0.0,1,143.3,103,43.0,10.57,11.5
0,165,1,0,0.0,6,154.2,91,50.0,13.43,10.9
0,71,1,0,0.0,0,104.0,92,35.0,9.85,14.6
0,117,1,0,0.41,2,144.6,115,51.1,12.94,7.4
0,112,1,0,0.0,1,243.4,77,57.0,9.11,12.8
0,147,0,1,2.19,3,219.9,118,77.9,10.43,8.1
0,101,1,0,0.0,3,248.6,102,58.0,8.75,6.1
0,27,1,0,0.0,0,193.8,102,44.0,5.95,9.2
0,127,1,1,3.02,1,183.2,117,72.2,6.34,11.2
0,55,0,0,0.0,1,269.6,121,61.0,8.59,8.2
0,81,1,1,3.16,3,115.9,120,71.6,11.83,11.7
1,123,1,0,0.0,5,242.2,87,61.0,11.31,8.2
0,114,1,0,0.0,2,155.3,75,41.0,8.5,12.6
0,162,1,0,0.0,1,220.6,117,51.0,7.76,10.5
1,61,1,1,2.75,2,105.0,78,61.5,9.03,10.2
0,97,1,0,0.0,3,218.0,86,53.0,9.2,6.4
0,71,1,1,3.81,1,175.7,82,90.1,12.95,14.1
0,128,1,0,0.0,4,199.3,86,51.0,9.74,14.3
1,111,1,0,0.0,1,294.7,90,76.0,14.73,10.8
1,113,1,0,0.0,2,128.7,100,42.0,11.36,9.2
0,68,1,0,0.0,2,143.6,80,36.0,6.72,15.5
0,60,1,0,0.0,3,193.9,118,41.0,4.25,13.2
0,150,1,0,0.0,1,169.2,123,48.0,10.84,12.6
0,54,1,1,3.05,2,117.6,82,64.5,7.96,11.3
0,116,1,0,0.0,1,51.1,106,27.0,10.43,12.3
0,178,1,1,2.84,2,175.4,88,74.4,9.5,10.5
0,85,1,0,0.4,1,201.4,52,58.0,11.47,12.0
0,130,1,0,0.0,1,154.0,95,44.0,10.3,12.9
0,194,1,0,0.0,0,193.3,106,48.0,8.45,11.8
0,162,1,0,0.28,2,115.1,89,39.8,9.84,11.4
0,77,1,0,0.0,1,169.4,102,45.0,9.25,2.0
1,147,0,1,3.0,3,157.5,109,73.0,9.48,11.1
0,64,1,0,0.0,2,194.2,147,48.0,8.67,5.5
0,126,1,0,0.0,1,211.6,70,55.0,10.85,7.8
0,119,1,1,3.19,2,154.0,114,81.9,13.9,11.8
0,58,1,0,0.0,2,165.4,100,38.0,5.79,12.8
0,121,1,0,0.32,1,213.2,79,50.2,6.04,7.5
0,95,1,1,2.0,0,160.3,87,65.0,10.12,7.4
0,84,1,0,0.0,0,169.5,96,43.0,7.88,10.6
0,90,1,0,0.28,2,198.5,124,59.8,13.33,8.0
0,141,1,1,2.0,1,308.0,123,94.0,12.39,7.4
0,74,1,1,3.54,2,194.6,84,79.4,6.0,13.1
0,66,1,0,0.33,3,116.4,98,31.3,4.78,10.5
0,75,1,1,3.54,4,210.3,90,92.4,12.09,13.1
0,118,1,1,2.81,0,148.7,105,68.1,8.37,10.4
0,80,1,0,0.24,2,203.7,92,56.4,10.82,7.6
1,119,1,0,0.21,3,239.1,88,64.1,12.18,10.9
0,16,1,0,0.33,3,161.9,100,51.3,11.51,10.2
0,148,1,0,0.0,2,216.2,95,53.0,9.29,10.0
0,50,1,0,0.29,1,295.3,127,64.9,6.37,9.6
0,178,1,0,0.0,1,275.4,150,63.0,9.38,13.6
0,142,1,1,2.48,3,237.4,105,80.8,8.8,9.2
0,146,1,1,2.0,2,149.6,96,66.0,11.99,7.4
0,97,1,0,0.0,3,169.7,84,43.0,8.3,12.8
0,142,1,0,0.42,0,216.8,134,57.2,9.39,8.3
0,98,0,1,2.92,1,245.5,54,96.2,14.64,10.8
0,132,1,0,0.0,2,176.7,132,51.0,12.21,9.1
0,35,1,0,0.0,2,158.6,67,39.0,6.52,6.9
0,32,1,0,0.0,0,230.9,87,56.0,9.37,6.3
1,112,1,0,0.0,3,272.5,119,66.0,11.31,16.4
0,10,1,0,0.0,2,186.1,112,48.0,9.51,11.4
0,92,1,0,0.0,0,249.4,118,61.0,10.58,9.1
0,103,1,0,0.0,2,185.0,117,51.0,11.17,12.6
0,125,1,0,0.3,1,140.1,132,45.0,10.48,8.0
0,96,1,1,3.0,2,175.8,96,78.0,10.33,11.1
0,93,1,0,0.17,3,152.4,74,51.7,13.73,6.6
0,78,1,1,3.56,0,197.4,73,94.6,14.79,13.2
0,75,1,1,2.54,3,225.5,119,79.4,9.1,9.4
0,91,1,0,0.0,1,133.8,61,37.0,7.94,10.5
1,172,1,0,0.0,2,270.0,102,68.0,12.83,12.0
0,74,1,0,0.0,1,200.4,87,61.0,15.46,10.0
1,121,1,0,0.21,0,144.8,126,44.1,10.03,13.3
0,126,1,0,0.0,0,103.7,93,29.0,6.35,14.4
0,78,1,1,1.73,2,281.2,93,80.3,8.91,6.4
1,152,0,1,3.83,9,237.5,120,100.3,12.67,14.2
0,93,1,0,0.31,0,151.4,89,45.1,9.32,10.9
1,119,1,0,0.0,2,81.9,75,36.0,12.69,8.9
0,105,1,1,2.35,2,147.0,112,65.5,9.87,8.7
0,35,1,0,0.32,2,124.2,102,35.2,6.2,13.1
0,53,1,0,0.0,0,168.8,97,48.0,11.02,10.9
0,61,1,1,2.67,3,163.7,78,64.7,5.66,9.9
0,103,1,0,0.0,0,263.4,118,60.0,8.96,10.3
1,172,1,0,0.0,3,287.1,108,64.0,8.92,14.4
0,51,1,0,0.0,1,232.4,109,56.0,9.37,9.1
0,89,0,0,0.0,0,206.9,134,50.0,8.39,10.9
1,177,0,0,0.0,1,248.7,118,57.0,8.62,11.3
0,134,1,0,0.0,0,202.7,105,54.0,11.25,12.1
0,91,1,0,0.0,2,123.8,107,49.0,15.95,7.3
0,137,1,0,0.45,4,230.2,113,62.5,11.02,10.7
0,58,1,1,1.46,1,211.9,40,74.6,13.72,5.4
0,113,1,1,3.59,1,44.9,63,55.9,6.71,13.3
0,49,1,0,0.0,0,213.8,79,59.0,13.26,15.6
0,53,1,0,0.22,3,205.1,86,51.2,8.03,10.7
0,88,1,1,3.46,2,80.3,140,61.6,7.67,12.8
0,179,1,0,0.32,1,234.5,134,57.2,8.21,6.1
0,124,1,0,0.0,3,157.5,70,38.0,6.54,9.6
0,96,1,1,2.3,1,150.0,91,63.0,7.97,8.5
0,68,1,0,0.0,1,237.1,105,60.0,11.18,13.2
1,64,1,0,0.0,5,148.1,73,40.0,8.25,12.3
0,122,1,0,0.0,2,234.1,101,57.0,10.01,13.1
0,94,0,0,0.0,1,170.1,113,53.0,13.59,8.7
1,146,1,0,0.0,4,138.4,104,38.0,7.95,3.9
0,202,1,0,0.0,3,115.4,137,35.0,8.94,6.0
0,79,1,0,0.0,1,205.7,123,54.0,10.73,6.7
0,136,0,1,2.84,3,203.9,106,79.4,9.38,10.5
0,66,1,1,1.46,2,254.9,108,78.6,12.16,5.4
0,103,1,0,0.0,1,246.5,47,59.0,9.78,11.7
0,94,1,0,0.0,1,181.5,98,48.0,10.0,6.6
0,177,1,0,0.27,2,84.9,77,39.7,12.88,7.5
0,102,1,0,0.0,3,242.2,88,61.0,11.66,6.2
0,72,1,1,1.57,1,92.8,98,54.7,13.56,5.8
0,96,1,1,2.84,1,183.4,126,76.4,9.78,10.5
0,186,1,0,0.0,1,137.8,97,40.0,9.39,8.7
0,90,1,0,0.0,3,113.2,108,36.0,9.47,14.1
1,80,1,0,0.0,2,268.7,120,72.0,15.05,5.8
0,131,1,0,0.28,3,240.9,108,58.8,8.37,14.7
0,117,1,1,1.84,1,198.1,86,67.4,8.85,6.8
1,49,0,0,0.26,2,237.8,92,61.6,10.45,15.6
1,82,1,0,0.31,6,167.1,77,43.1,6.59,9.4
0,87,1,0,0.36,2,115.4,90,45.6,13.13,13.1
1,46,1,0,0.0,2,250.3,100,65.0,13.03,13.3
0,102,1,0,0.0,2,102.6,89,39.0,12.3,9.1
0,161,1,1,1.97,1,218.5,76,66.7,5.64,7.3
0,73,1,0,0.0,1,122.0,92,33.0,6.92,5.8
0,84,1,0,0.26,2,190.2,102,52.6,9.89,9.8
1,103,1,0,0.0,8,150.6,125,40.0,8.46,10.4
0,224,1,0,0.21,3,111.4,133,36.1,8.75,5.5
0,61,0,0,0.0,2,78.2,103,30.0,9.8,10.1
0,157,1,0,0.0,2,224.5,111,56.0,10.04,11.5
0,98,1,1,2.97,2,110.3,71,64.7,9.12,11.0
0,108,1,0,0.0,1,138.6,122,39.0,8.62,9.8
0,170,0,0,0.0,3,259.9,68,66.0,12.25,8.4
0,161,1,0,0.0,0,105.4,70,37.0,10.74,7.8
0,67,1,0,0.34,6,260.4,107,65.4,10.41,10.0
0,121,1,0,0.0,2,134.1,112,40.0,9.76,10.5
0,100,1,1,2.0,0,177.1,88,65.0,8.19,7.4
0,99,1,0,0.0,4,198.2,87,52.0,10.37,8.7
0,13,1,0,0.0,4,193.2,89,50.0,9.72,9.7
0,87,1,1,1.92,2,240.8,102,67.2,3.8,7.1
0,137,1,0,0.0,1,109.8,120,39.0,11.53,11.9
0,85,1,0,0.0,1,176.4,122,50.0,11.25,11.5
0,51,1,0,0.0,0,214.8,94,50.0,7.49,10.2
0,131,1,1,1.81,1,174.0,118,66.1,10.27,6.7
0,103,1,0,0.0,0,160.2,104,40.0,6.95,9.7
0,122,1,0,0.0,0,144.2,87,43.0,10.61,9.5
0,132,1,1,2.46,1,154.6,128,72.6,12.28,9.1
0,93,1,1,3.05,7,152.3,90,79.5,13.38,11.3
0,106,1,1,3.32,3,197.4,125,78.2,6.17,12.3
0,104,1,0,0.0,1,225.9,123,53.0,8.14,10.1
0,134,1,1,3.0,2,208.8,130,77.0,6.65,11.1
0,36,1,0,0.0,3,235.1,97,57.0,9.84,7.0
0,162,1,0,0.0,1,184.5,118,51.0,11.2,11.6
0,65,1,0,0.0,2,153.9,117,45.0,11.01,8.5
0,105,1,0,0.0,1,227.4,121,62.0,13.43,13.0
0,137,1,0,0.0,1,147.2,119,42.0,9.64,10.2
0,145,1,0,0.32,0,39.5,78,33.2,13.22,10.0
0,120,1,0,0.0,1,252.1,110,63.0,11.31,13.8
0,173,1,0,0.0,0,172.5,78,42.0,7.13,10.9
0,61,1,0,0.0,1,197.3,67,57.0,13.23,9.0
0,33,1,1,4.05,0,186.8,124,94.5,13.05,15.0
0,146,1,0,0.0,1,109.0,69,42.0,13.29,12.6
0,107,1,1,3.4,3,198.9,87,86.0,10.35,12.6
0,142,0,0,0.0,1,140.8,140,44.0,11.43,10.9
0,122,1,0,0.0,2,180.0,88,43.0,7.25,11.5
0,70,1,0,0.0,0,175.4,130,44.0,7.98,11.6
0,87,1,0,0.0,0,171.6,119,47.0,10.25,13.8
0,69,1,0,0.0,2,167.5,76,50.0,12.11,11.4
0,121,1,0,0.0,1,150.7,105,43.0,9.87,9.2
0,52,1,1,1.43,2,195.7,119,57.3,5.31,5.3
0,127,0,0,0.32,2,247.5,99,55.2,5.43,10.6
0,126,1,0,0.0,3,256.5,112,61.0,9.98,7.0
0,88,1,0,0.0,3,215.6,115,56.0,10.81,11.8
0,169,1,0,0.0,1,235.7,79,52.0,6.85,13.3
0,32,1,1,4.4,1,266.7,109,110.0,11.62,16.3
0,112,1,0,0.26,3,189.4,83,53.6,10.95,7.1
0,95,1,1,3.05,3,283.1,112,103.5,14.31,11.3
0,59,1,1,2.3,2,120.9,97,62.0,10.65,8.5
0,141,1,1,2.84,3,187.5,99,81.4,12.07,10.5
0,99,1,0,0.0,3,200.0,66,44.0,5.4,11.4
0,106,1,1,2.86,2,223.5,104,86.6,11.76,10.6
0,97,1,0,0.0,1,112.7,119,38.0,10.89,6.5
0,84,1,0,0.16,2,130.2,105,47.6,13.9,14.0
1,105,1,0,0.0,0,281.3,124,74.0,15.08,8.7
0,127,1,0,0.0,1,239.8,107,52.0,6.45,11.3
0,88,1,0,0.0,2,172.8,81,46.0,9.67,12.8
0,78,1,0,0.21,2,162.3,116,46.1,9.62,10.1
0,112,1,0,0.0,1,115.8,108,41.0,12.17,13.1
0,185,1,1,2.03,1,189.8,126,67.3,8.17,7.5
0,67,1,0,0.0,1,210.7,116,55.0,10.96,7.2
0,71,1,1,3.54,1,115.4,90,74.4,10.87,13.1
0,97,1,1,3.27,0,176.1,109,76.7,7.97,12.1
1,107,0,0,0.0,3,133.3,106,39.0,9.15,12.9
0,109,1,0,0.0,2,222.5,74,53.0,8.49,9.0
0,125,1,0,0.0,0,224.9,102,51.0,7.19,8.0
1,104,1,0,0.0,0,234.2,128,65.0,14.66,9.8
1,21,1,0,0.0,5,92.6,95,30.0,8.1,11.3
0,68,1,0,0.28,1,178.7,61,54.8,12.62,8.4
0,142,1,1,1.16,0,163.3,104,51.6,6.8,4.3
1,121,1,1,1.57,3,198.4,129,56.7,3.77,5.8
0,161,0,0,0.0,1,189.6,78,55.0,13.37,1.3
0,89,1,0,0.25,3,115.4,99,40.5,10.5,15.9
1,121,0,0,0.0,3,167.7,94,37.0,4.69,13.4
0,51,1,0,0.0,1,183.1,99,45.0,8.01,7.0
0,51,1,0,0.0,0,169.3,111,41.0,6.98,12.0
0,86,1,1,2.65,0,225.5,107,86.5,12.32,9.8
0,139,1,0,0.0,1,165.0,132,50.0,12.49,12.6
0,90,1,0,0.0,3,179.1,71,47.0,9.53,10.6
0,111,1,0,0.0,2,246.5,108,61.0,10.82,12.7
0,50,1,0,0.0,1,131.7,108,41.0,10.83,11.0
0,37,1,0,0.0,2,233.7,114,58.0,10.4,12.0
0,98,1,1,3.48,2,181.6,112,84.8,11.04,12.9
0,90,1,0,0.24,1,61.3,91,29.4,9.72,11.4
0,103,0,0,0.0,3,171.7,78,42.0,7.23,6.8
0,100,1,0,0.33,4,210.9,85,67.3,16.47,9.4
1,101,1,0,0.0,5,89.7,118,38.0,13.01,13.5
0,115,1,0,0.23,3,268.0,115,61.3,7.68,17.0
0,163,1,1,3.32,2,231.9,56,91.2,10.59,12.3
0,87,1,0,0.42,3,223.2,109,53.2,6.38,14.5
0,91,1,0,0.0,0,133.7,75,40.0,9.77,5.9
0,114,1,0,0.4,1,169.6,85,38.0,2.95,7.4
0,37,1,0,0.32,3,134.9,98,48.2,12.42,14.7
0,190,1,0,0.0,1,150.9,86,49.0,13.43,14.7
0,91,1,0,0.0,3,203.1,106,53.0,10.51,12.0
0,87,1,0,0.31,0,136.3,97,41.1,8.61,7.1
0,3,1,1,3.08,2,67.4,116,63.8,12.2,11.4
0,142,1,1,2.38,1,224.4,114,74.8,7.3,8.8
0,104,1,0,0.0,2,200.2,92,45.0,5.94,6.0
0,63,1,0,0.37,0,211.2,80,60.7,11.89,12.3
0,83,1,0,0.0,1,208.9,71,54.0,10.74,13.0
0,96,1,0,0.21,2,160.2,117,52.1,13.38,9.3
0,30,1,0,0.0,3,145.0,76,46.0,12.04,7.1
0,135,0,1,1.57,2,127.7,54,55.7,10.75,5.8
1,86,0,0,0.0,2,162.4,131,42.0,8.35,11.4
0,149,1,1,2.94,1,206.7,79,79.4,8.73,10.9
0,142,1,0,0.0,1,145.4,93,43.0,10.46,10.9
0,81,0,1,2.13,1,237.1,76,84.3,13.21,7.9
0,87,1,0,0.32,1,234.8,85,55.2,7.05,9.5
0,79,1,1,3.29,3,103.1,90,71.9,12.15,12.2
0,56,1,0,0.0,2,164.3,92,48.0,11.69,11.8
0,93,1,0,0.0,0,146.3,85,44.0,10.83,11.5
0,50,1,1,2.86,1,214.3,129,90.6,14.49,10.6
0,134,1,0,0.35,2,177.2,91,53.5,11.44,8.9
0,136,1,0,0.0,7,163.4,83,49.0,12.47,9.8
0,89,1,0,0.0,1,137.9,96,40.0,9.63,11.0
0,129,1,0,0.0,1,150.0,98,46.0,11.62,12.5
1,27,1,0,0.36,2,226.3,95,65.6,13.72,8.2
0,139,1,0,0.0,1,221.3,140,52.0,7.89,11.3
0,47,1,1,2.24,1,172.9,109,64.4,6.88,8.3
1,65,1,0,0.29,4,129.1,137,44.9,11.43,12.7
0,110,1,0,0.34,1,192.6,102,51.4,8.95,9.4
0,86,1,1,2.73,0,197.9,99,75.3,8.28,10.1
0,110,1,0,0.3,1,222.7,94,50.0,5.29,13.5
0,98,1,1,2.97,1,110.5,87,68.7,11.39,11.0
1,127,1,0,0.26,1,266.6,106,70.6,13.24,5.9
0,134,1,0,0.0,0,244.1,99,63.0,12.35,7.2
0,103,1,0,0.38,2,70.9,134,27.8,6.73,12.0
0,86,1,0,0.42,3,190.5,115,52.2,8.98,10.1
1,62,0,0,0.0,0,159.7,86,44.0,9.88,13.9
0,81,1,0,0.0,2,153.5,99,43.0,9.88,6.3
1,125,0,0,0.3,0,298.4,78,77.0,13.53,12.2
1,71,1,0,0.0,0,278.9,110,64.0,9.51,11.7
0,133,1,1,1.81,5,239.9,107,81.1,12.69,6.7
0,132,1,0,0.0,2,181.1,121,58.0,15.72,4.2
0,85,1,0,0.0,0,209.8,82,53.0,9.73,11.3
0,107,1,0,0.0,1,260.5,108,53.0,5.12,9.8
0,102,1,0,0.0,1,129.5,56,53.0,17.71,10.9
0,155,1,0,0.0,3,165.4,108,44.0,9.19,8.9
0,114,1,0,0.0,2,187.8,109,46.0,7.73,10.1
0,112,1,1,3.11,1,198.8,122,86.1,11.93,11.5
0,64,1,1,1.22,0,94.4,104,40.2,6.81,4.5
0,117,1,0,0.0,0,168.8,137,50.0,12.07,15.5
0,45,1,0,0.37,1,155.7,110,52.7,13.02,11.0
0,128,1,1,2.92,0,222.9,136,90.2,13.1,10.8
0,190,1,0,0.26,0,142.9,96,42.6,8.9,6.6
0,117,1,0,0.0,2,191.1,93,57.0,14.14,12.0
0,67,1,0,0.0,2,152.5,131,48.0,12.62,4.9
0,36,1,1,2.32,2,29.9,123,40.2,6.46,8.6
0,131,1,0,0.0,2,187.9,110,49.0,10.03,10.2
0,91,0,0,0.31,3,129.9,112,40.1,8.67,11.2
0,105,1,0,0.24,3,115.5,73,45.4,13.37,13.3
0,122,1,0,0.0,1,35.1,62,22.0,9.04,12.7
0,76,1,1,2.19,1,214.6,110,75.9,10.26,8.1
0,89,1,1,1.59,0,97.8,98,50.9,10.36,5.9
0,68,1,0,0.0,1,159.5,123,48.0,12.04,11.4
0,85,1,0,0.2,0,259.8,85,67.0,12.12,5.4
1,64,0,0,0.0,1,346.8,55,81.0,12.48,13.3
0,95,1,0,0.0,1,149.2,96,48.0,13.04,8.1
0,128,1,0,0.0,0,103.3,122,39.0,12.3,6.4
0,123,1,0,0.0,3,150.0,98,34.0,4.49,11.1
0,54,1,0,0.0,3,134.3,73,37.0,7.78,14.7
0,58,1,1,2.27,0,178.1,111,73.7,11.84,8.4
0,85,1,0,0.0,3,222.3,132,58.0,11.58,11.0
0,68,1,0,0.33,0,226.7,94,56.3,8.42,10.2
0,92,1,0,0.0,0,208.0,125,53.0,9.95,8.6
0,59,1,0,0.19,1,153.6,92,45.9,10.28,12.5
0,132,1,0,0.0,0,99.5,110,28.0,6.46,9.7
0,75,1,1,3.05,2,121.5,97,74.5,13.57,11.3
1,93,1,0,0.24,1,271.1,101,69.4,11.87,8.4
0,57,1,1,3.19,1,201.2,76,90.9,14.01,11.8
0,79,1,0,0.31,3,156.9,109,41.1,6.11,11.3
0,139,1,0,0.0,2,271.6,130,60.0,7.8,11.6
1,70,1,0,0.0,0,232.8,95,66.0,15.17,12.9
0,71,1,0,0.23,4,258.4,132,57.3,6.34,9.7
0,103,1,0,0.0,1,141.3,123,46.0,12.68,6.4
0,54,1,0,0.16,2,159.8,99,51.6,13.2,9.7
0,129,1,1,2.51,3,177.3,95,74.1,10.59,9.3
1,56,1,0,0.16,4,162.3,99,42.6,7.46,14.8
0,94,1,0,0.0,4,181.8,85,49.0,10.12,9.2
0,140,1,0,0.0,2,235.5,81,62.0,12.86,11.5
0,27,1,0,0.16,1,236.7,110,61.6,11.6,12.7
0,106,1,0,0.0,1,274.4,120,64.0,9.93,6.0
0,91,1,0,0.0,3,231.8,120,53.0,7.53,11.6
0,136,1,0,0.0,0,109.4,91,37.0,10.38,11.6
0,75,1,1,3.62,2,118.5,86,75.2,10.7,13.4
0,127,0,1,2.81,1,95.9,117,58.1,7.98,10.4
0,17,1,1,2.19,1,198.5,123,78.9,13.53,8.1
0,6,1,0,0.0,3,226.5,93,52.0,7.61,9.4
0,77,1,0,0.0,2,144.9,136,38.0,7.57,12.3
0,11,1,1,1.62,3,190.6,86,68.2,11.01,6.0
0,116,1,0,0.0,0,201.8,82,54.0,11.58,16.5
0,117,1,0,0.0,1,97.1,98,36.0,11.4,10.6
1,136,1,0,0.45,1,269.8,106,70.5,11.44,10.1
0,121,1,1,1.73,2,110.0,94,48.3,7.08,6.4
0,86,1,0,0.0,4,226.3,88,58.0,11.15,13.0
0,68,1,0,0.0,2,222.1,107,55.0,9.97,9.4
0,132,1,1,1.92,2,113.2,96,62.2,13.5,7.1
0,63,1,0,0.0,0,185.3,87,51.0,11.27,11.7
0,112,1,0,0.29,0,194.4,101,52.9,9.52,11.4
1,94,1,0,0.0,3,271.2,105,64.0,10.13,11.5
1,60,0,1,3.78,0,265.9,113,101.8,10.79,14.0
0,142,0,1,2.65,0,191.1,109,72.5,7.48,9.8
0,84,1,0,0.0,1,75.3,96,29.0,9.0,12.3
0,148,1,0,0.45,1,185.2,87,50.5,8.52,9.5
0,87,1,0,0.29,1,228.7,90,55.9,8.15,11.8
0,38,1,0,0.0,0,149.0,92,30.0,2.46,13.9
0,112,1,1,3.59,0,60.6,113,60.9,8.3,13.3
0,145,1,0,0.0,1,229.6,82,51.0,6.91,3.3
0,103,0,0,0.38,3,62.8,124,29.8,8.52,9.4
0,145,1,0,0.0,1,199.2,124,45.0,6.3,7.6
0,118,1,0,0.0,2,154.6,112,42.0,9.21,12.6
0,204,1,0,0.0,3,205.2,145,49.0,7.74,14.1
0,120,1,0,0.0,2,177.2,88,54.0,13.52,14.0
0,119,1,1,2.16,2,217.1,92,77.6,11.04,8.0
0,100,1,0,0.21,2,235.8,130,58.1,8.8,7.3
0,183,1,1,2.35,2,86.5,119,62.5,14.26,8.7
0,66,1,1,2.4,1,174.7,92,74.0,11.61,8.9
1,121,1,0,0.0,3,255.1,93,67.0,13.35,8.8
0,100,1,0,0.0,1,166.0,102,49.0,11.81,10.9
0,168,1,0,0.0,1,128.8,96,31.0,5.25,11.2
0,169,0,0,0.0,3,57.1,98,27.0,9.99,6.5
1,53,1,0,0.31,0,261.2,119,69.1,12.54,9.8
0,73,1,0,0.41,1,157.6,92,48.1,9.92,9.1
1,66,1,0,0.0,1,167.3,91,48.0,11.5,10.6
0,115,1,0,0.0,2,146.7,128,34.0,5.31,11.1
0,122,1,0,0.0,2,119.3,93,40.0,11.2,8.7
0,120,1,0,0.0,2,198.8,56,54.0,11.51,9.9
0,111,1,0,0.0,0,197.1,117,53.0,11.39,9.3
1,147,1,0,0.0,0,274.0,92,67.0,11.59,6.2
0,92,1,0,0.0,2,139.8,98,39.0,8.75,9.4
0,85,0,0,0.0,2,216.0,73,53.0,9.41,3.6
0,142,1,0,0.0,2,84.8,95,27.0,6.84,14.2
1,91,1,0,0.0,1,153.0,123,38.0,7.06,10.3
1,78,0,0,0.0,1,236.8,141,63.0,13.27,9.5
0,129,1,0,0.0,2,198.4,91,57.0,13.24,9.2
0,108,1,1,2.57,2,169.8,136,69.7,8.69,9.5
0,67,1,1,2.59,1,104.9,65,62.9,10.82,9.6
0,124,1,0,0.0,0,178.4,72,51.0,11.68,12.0
0,130,1,0,0.0,3,155.9,95,49.0,12.81,11.7
0,169,1,0,0.0,0,100.8,112,37.0,11.5,9.5
0,59,1,0,0.27,2,166.3,95,51.7,11.97,10.0
0,75,1,1,2.48,0,214.1,62,78.8,10.05,9.2
1,40,1,0,0.0,6,81.7,123,32.0,10.51,11.3
0,133,1,0,0.0,4,221.1,133,52.0,8.01,8.4
0,176,1,1,1.94,1,283.2,130,81.4,8.13,7.2
0,106,1,0,0.0,1,169.4,107,46.0,9.86,10.7
1,120,1,0,0.0,1,212.1,131,54.0,10.47,5.3
0,63,1,0,0.19,0,180.5,126,52.9,11.5,10.6
0,113,1,0,0.0,3,92.6,85,31.0,8.88,14.4
0,79,1,1,1.7,4,264.3,79,80.0,10.14,6.3
0,110,1,0,0.0,2,241.2,105,56.0,8.72,8.5
0,17,1,0,0.0,1,161.5,123,46.0,10.71,8.6
0,177,1,1,2.81,1,230.2,106,84.1,9.81,10.4
0,65,1,0,0.0,1,213.4,111,57.0,11.73,2.7
0,118,1,0,0.0,2,113.0,80,32.0,7.51,10.8
0,70,1,0,0.0,1,222.8,114,57.0,10.8,0.0
0,136,0,0,0.0,2,183.4,103,44.0,7.1,10.4
0,105,1,0,0.0,2,166.1,93,44.0,8.8,16.2
0,97,1,1,1.81,5,183.4,94,73.1,13.46,6.7
0,48,1,0,0.0,1,188.4,63,47.0,8.3,13.2
1,98,1,0,0.0,1,165.0,129,46.0,10.13,12.5
0,3,1,1,3.21,2,118.1,117,71.1,11.08,11.9
0,106,1,0,0.26,1,187.1,104,56.6,12.51,11.0
0,111,1,0,0.0,3,146.2,55,48.0,13.08,8.7
1,71,0,0,0.0,4,186.1,114,49.0,9.93,13.8
0,16,1,0,0.0,1,153.2,65,46.0,11.49,10.7
1,112,1,0,0.0,5,111.9,92,29.0,5.7,14.1
1,100,1,0,0.32,0,278.0,76,66.2,8.84,8.3
0,83,1,0,0.0,2,134.8,96,38.0,8.36,7.7
0,82,1,0,0.0,4,200.3,96,52.0,10.06,7.1
0,66,1,1,1.92,3,88.8,104,44.2,5.48,7.1
0,74,1,0,0.0,0,155.7,116,42.0,8.69,8.1
0,62,1,0,0.0,3,186.8,94,50.0,10.38,8.8
0,86,1,1,2.27,3,157.2,118,66.7,9.82,8.4
1,133,0,0,0.0,0,254.7,103,65.0,12.61,8.0
0,170,1,1,3.51,0,178.1,130,86.1,12.14,13.0
0,1,1,0,0.0,0,123.8,113,42.0,11.81,3.7
0,111,1,0,0.0,3,99.3,112,40.0,13.53,9.0
0,65,1,1,2.65,0,224.2,106,81.5,9.48,9.8
0,136,1,0,0.0,2,92.4,109,35.0,10.95,12.9
0,94,0,0,0.0,4,243.2,109,54.0,7.35,7.2
0,64,1,0,0.29,1,162.6,83,43.9,7.62,14.2
1,126,1,1,3.46,4,153.4,90,73.6,7.57,12.8
0,78,1,0,0.0,1,191.7,122,54.0,12.07,9.1
0,136,0,1,2.43,2,85.2,98,59.3,11.52,9.0
0,138,1,1,2.13,0,19.5,149,37.3,7.05,7.9
0,141,0,1,3.02,0,258.6,84,93.2,11.1,11.2
0,166,1,0,0.0,0,173.9,103,54.0,13.82,15.3
1,127,0,0,0.0,2,242.2,102,61.0,11.31,13.9
0,32,1,1,2.43,1,243.5,137,86.3,11.84,9.0
0,75,1,0,0.0,1,143.2,92,43.0,10.46,11.9
0,125,1,0,0.3,2,169.3,90,46.0,7.8,11.6
0,71,1,0,0.32,3,185.0,84,55.2,11.63,14.9
0,46,1,0,0.0,2,124.8,133,35.0,7.87,8.6
0,110,1,0,0.0,1,227.7,88,54.0,8.5,11.7
0,52,1,0,0.0,3,148.3,83,41.0,9.08,8.3
0,149,1,0,0.0,1,140.4,94,47.0,13.59,11.1
0,85,0,0,0.0,2,165.4,107,45.0,9.8,9.6
0,124,1,0,0.0,3,234.4,61,56.0,8.97,10.4
1,50,1,0,0.0,5,131.1,129,36.0,8.03,5.6
0,108,1,0,0.0,3,201.1,101,49.0,8.54,11.6
0,23,1,0,0.0,6,190.2,89,47.0,8.32,15.0
0,70,1,0,0.31,0,177.4,125,53.1,11.31,10.9
0,90,0,0,0.0,1,221.8,97,56.0,10.19,8.4
1,115,0,0,0.0,3,251.3,69,65.0,12.63,9.9
1,127,0,0,0.0,4,143.2,60,40.0,8.98,6.2
0,105,1,0,0.28,2,125.4,116,46.8,13.08,11.4
0,113,1,0,0.0,3,132.1,72,44.0,12.38,6.9
0,87,1,0,0.0,0,204.8,101,49.0,8.05,9.5
0,62,1,0,0.0,0,100.0,98,32.0,8.68,10.1
0,88,1,0,0.0,1,218.2,76,52.0,8.47,8.0
0,109,1,0,0.0,0,184.0,120,42.0,6.02,11.0
0,131,1,1,3.43,1,170.8,145,84.3,11.84,12.7
1,138,0,0,0.0,2,286.2,61,65.0,9.36,11.0
1,121,1,0,0.0,0,170.4,108,59.0,17.53,11.2
0,111,1,1,3.27,1,193.1,104,75.7,5.58,12.1
0,40,1,0,0.28,0,242.5,82,64.8,11.65,9.6
1,76,0,0,0.0,0,246.8,110,60.0,10.32,13.2
0,67,1,1,2.7,2,95.0,94,68.0,14.56,10.0
1,139,0,1,3.62,1,203.5,82,88.2,10.02,13.4
1,110,0,1,2.24,1,267.9,103,90.4,13.17,8.3
0,35,1,0,0.32,2,149.3,113,49.2,12.11,8.9
0,131,1,0,0.0,0,112.8,133,37.0,9.97,10.1
0,97,1,0,0.27,3,144.2,91,46.7,11.34,13.8
1,101,1,0,0.0,3,269.7,85,64.0,10.38,4.5
0,67,1,1,3.92,1,129.6,107,81.2,11.65,14.5
1,112,1,0,0.0,4,174.3,123,42.0,7.01,9.0
0,90,1,0,0.0,1,246.4,83,56.0,8.02,7.6
0,72,1,0,0.0,0,253.0,73,62.0,10.97,9.8
0,85,1,0,0.0,1,102.0,95,41.0,13.51,10.7
0,116,1,0,0.0,2,167.8,119,41.0,7.1,7.3
0,79,1,1,2.46,1,167.9,114,74.6,12.19,9.1
0,132,1,0,0.0,0,214.6,78,58.0,12.59,13.9
0,79,1,0,0.0,1,220.9,107,54.0,9.61,12.2
0,68,1,0,0.11,3,222.8,99,54.1,8.79,11.0
0,70,1,0,0.0,2,208.7,97,59.0,13.78,8.0
0,76,1,0,0.0,1,143.7,55,40.0,8.66,5.8
0,77,1,0,0.0,3,185.9,95,50.0,10.6,11.3
0,123,1,0,0.0,3,260.9,85,59.0,8.43,13.3
0,113,1,0,0.0,2,159.8,143,46.0,10.51,13.1
0,120,1,0,0.0,1,134.8,94,41.0,10.21,6.7
1,95,0,1,1.11,0,220.2,109,65.1,9.27,4.1
0,101,1,0,0.0,1,190.7,72,51.0,10.43,8.8
0,111,1,0,0.26,2,142.3,75,37.6,6.14,12.8
0,141,1,0,0.0,0,146.5,121,40.0,8.5,8.2
0,88,1,0,0.0,2,202.2,86,53.0,10.84,11.8
1,106,1,0,0.0,2,210.6,96,57.0,12.46,12.4
0,101,1,1,3.51,2,114.1,95,69.1,8.08,13.0
0,140,1,0,0.0,1,125.3,84,36.0,8.38,8.4
0,114,1,0,0.29,1,84.7,118,38.9,12.5,14.5
0,67,1,0,0.0,0,201.4,101,43.0,4.88,7.0
0,99,1,0,0.0,0,142.3,89,42.0,10.23,9.1
1,106,0,1,3.89,1,270.3,111,103.9,10.76,14.4
1,24,1,0,0.0,2,149.0,73,37.0,6.55,8.6
0,134,1,0,0.0,2,7.8,86,16.0,8.57,12.9
1,140,1,0,0.0,4,120.3,108,41.0,12.02,7.7
0,75,1,0,0.0,0,150.6,99,52.0,15.08,8.1
1,128,1,0,0.0,1,227.9,130,65.0,15.13,5.5
0,62,1,1,2.75,0,137.3,95,66.5,9.21,10.2
0,134,1,0,0.31,1,178.0,110,47.1,7.69,11.7
0,144,1,1,2.7,1,219.9,102,84.0,11.11,10.0
0,117,1,0,0.26,2,214.4,94,51.6,6.9,9.9
0,151,0,0,0.26,0,198.7,70,54.6,10.48,12.4
0,71,1,0,0.0,1,277.5,104,59.0,6.59,8.2
0,101,1,1,2.73,0,121.1,116,64.3,9.32,10.1
0,100,1,1,3.13,1,215.9,90,90.3,12.9,11.6
0,137,1,0,0.21,1,104.7,115,42.1,12.49,8.9
0,27,1,0,0.0,1,227.4,67,60.0,12.4,7.8
0,93,1,1,3.11,1,166.9,101,83.1,13.66,11.5
1,82,1,0,0.0,3,189.2,81,48.0,9.22,10.6
0,98,0,0,0.0,1,12.5,67,24.0,12.83,7.7
0,104,1,1,3.59,4,280.2,136,102.9,11.03,13.3
0,121,1,1,2.59,1,215.5,95,83.9,12.09,9.6
0,142,1,0,0.35,2,187.0,133,47.5,6.73,7.4
1,170,1,0,0.0,1,285.7,44,63.0,8.38,8.7
0,148,1,1,3.32,1,252.9,129,101.2,14.22,12.3
0,54,1,1,3.13,2,92.3,88,64.3,9.66,11.6
1,145,1,0,0.0,1,224.2,89,65.0,15.75,16.1
0,62,1,0,0.0,1,281.0,66,62.0,8.03,0.0
0,104,1,0,0.0,0,130.5,77,34.0,6.56,13.0
0,111,1,0,0.33,0,181.8,117,48.3,7.91,9.7
0,135,1,0,0.0,1,194.8,97,54.0,11.77,11.0
0,76,1,1,2.7,1,189.7,66,78.0,10.64,10.0
0,93,1,1,1.84,2,138.1,91,56.4,8.37,6.8
0,89,1,0,0.0,1,179.7,128,57.0,14.99,7.6
0,103,1,0,0.0,5,204.9,107,47.0,6.76,10.4
0,113,1,0,0.0,3,215.9,93,58.0,12.01,4.9
0,50,1,1,3.67,3,302.7,93,108.7,12.03,13.6
0,67,1,1,2.54,1,230.6,40,81.4,9.46,9.4
0,69,1,0,0.0,3,228.2,70,62.0,13.19,10.7
1,92,0,0,0.21,2,130.7,113,47.1,13.03,9.4
0,136,1,0,0.0,3,101.7,105,35.0,10.14,9.4
0,73,1,1,3.11,0,194.4,104,80.1,8.8,11.5
0,181,1,0,0.26,2,229.9,130,54.6,7.22,14.2
0,137,1,1,3.27,2,186.5,94,79.7,8.9,12.1
1,132,1,0,0.0,4,197.8,66,46.0,6.7,10.9
0,48,1,1,2.05,3,230.9,92,74.5,8.38,7.6
0,123,1,0,0.15,3,211.0,92,56.5,10.85,9.8
0,137,1,0,0.0,1,215.9,76,50.0,7.27,12.1
0,27,1,0,0.0,5,232.1,81,58.0,10.54,15.0
0,111,1,1,1.92,1,127.1,94,61.2,11.42,7.1
0,185,1,1,3.73,2,151.1,121,84.3,12.24,13.8
0,21,1,0,0.3,1,244.7,81,59.0,8.4,6.6
0,138,1,0,0.28,2,87.6,112,40.8,13.35,9.8
0,139,1,0,0.0,2,203.2,81,48.0,7.63,9.7
0,38,1,1,4.1,2,115.4,98,75.0,8.31,15.2
0,127,1,0,0.35,1,134.9,79,45.5,11.08,15.0
0,83,1,0,0.0,3,221.4,103,58.0,11.59,9.8
0,114,1,0,0.0,2,202.1,100,51.0,9.79,13.3
0,149,1,1,3.4,3,180.7,92,81.0,9.39,12.6
0,99,1,0,0.0,1,191.2,110,47.0,8.2,14.1
1,127,0,0,0.0,1,176.9,110,45.0,8.4,7.7
0,124,1,0,0.0,3,251.5,85,61.0,10.71,11.1
0,85,1,1,1.7,5,283.2,110,86.0,11.99,6.3
0,67,1,1,3.62,0,174.7,86,80.2,8.03,13.4
0,103,1,0,0.0,1,180.2,134,39.0,4.89,8.4
0,140,1,0,0.0,3,173.2,91,47.0,9.84,11.2
0,156,1,0,0.42,1,150.5,106,43.2,7.65,3.5
0,70,1,0,0.0,1,129.9,102,40.0,10.44,14.3
1,208,1,0,0.33,2,326.5,67,74.3,8.82,10.7
0,109,0,1,2.51,0,217.2,138,75.1,7.28,9.3
0,143,1,0,0.0,3,160.4,120,52.0,14.3,6.9
0,128,1,0,0.0,1,158.8,75,50.0,13.24,7.6
0,76,1,0,0.0,0,198.3,130,53.0,10.86,12.5
0,243,1,0,0.0,2,95.5,92,31.0,8.19,6.6
0,32,1,0,0.0,1,171.2,82,45.0,9.28,10.2
0,104,1,0,0.0,2,139.7,78,41.0,10.13,11.3
0,140,1,0,0.0,0,194.8,107,48.0,8.55,13.9
1,108,1,0,0.0,4,112.0,105,36.0,9.69,4.1
0,97,1,0,0.0,0,215.3,58,58.0,12.12,12.1
0,70,1,0,0.31,0,59.5,103,35.1,12.86,11.1
0,160,1,0,0.38,3,85.8,77,32.8,8.27,9.2
0,137,1,0,0.0,3,242.1,118,58.0,9.55,14.7
0,95,1,0,0.0,0,157.9,103,49.0,12.98,14.0
0,147,0,0,0.0,1,183.8,113,46.0,8.24,10.1
0,144,0,1,3.46,0,174.8,127,83.6,10.98,12.8
1,60,1,0,0.0,1,179.3,147,49.0,10.45,13.5
0,131,1,0,0.0,2,94.4,80,35.0,10.76,13.1
0,141,1,0,0.0,0,217.1,110,58.0,12.08,12.0
0,98,1,0,0.0,0,288.1,101,61.0,6.9,0.0
0,126,1,0,0.0,1,190.9,143,46.0,7.49,13.0
0,101,1,0,0.0,5,232.7,114,56.0,9.32,11.5
0,134,1,0,0.35,1,208.3,86,60.5,12.68,12.6
0,107,1,0,0.0,0,123.1,100,35.0,7.92,9.3
0,201,1,1,4.08,1,192.0,97,93.8,11.96,15.1
1,120,0,0,0.0,1,179.9,72,46.0,8.5,13.8
0,110,1,1,2.43,2,202.6,103,69.3,5.94,9.0
0,111,1,0,0.25,0,152.2,114,40.5,6.86,9.8
0,73,1,0,0.34,1,137.1,102,45.4,10.54,11.1
0,115,1,0,0.0,3,147.9,109,45.0,11.42,9.6
0,95,1,0,0.22,2,184.2,95,49.2,9.08,12.8
0,72,1,0,0.0,0,166.5,102,51.0,13.05,13.3
0,54,1,1,3.05,2,112.0,90,67.5,10.4,11.3
0,145,1,1,3.0,2,257.7,97,88.0,8.11,11.1
0,64,1,0,0.28,2,97.2,80,35.8,9.31,10.4
0,95,1,0,0.0,0,160.0,133,46.0,10.77,9.1
0,81,0,0,0.25,0,227.4,105,59.5,10.58,11.9
0,105,1,0,0.0,0,246.4,83,64.0,12.81,3.8
0,143,1,0,0.27,1,202.8,109,51.7,8.29,4.6
1,17,1,1,2.7,6,153.1,115,69.0,9.3,10.0
0,102,1,0,0.0,0,174.5,79,50.0,11.84,8.5
0,44,1,0,0.0,0,202.6,89,49.0,8.15,8.3
0,66,1,1,2.3,0,141.7,87,70.0,13.42,8.5
0,120,1,1,3.08,0,153.5,83,75.8,10.96,11.4
0,121,1,0,0.0,1,181.5,121,50.0,10.92,8.5
1,145,1,0,0.0,1,245.8,116,67.0,14.34,9.0
0,158,1,0,0.0,1,158.0,106,52.0,14.63,9.1
0,83,0,0,0.26,1,271.5,87,67.6,10.82,11.7
0,96,1,0,0.3,1,144.0,102,47.0,11.24,10.0
0,100,0,0,0.0,1,107.2,98,26.0,4.34,9.7
0,99,1,0,0.0,1,95.4,105,34.0,10.36,5.6
0,89,1,1,2.03,2,163.5,80,72.3,13.74,7.5
0,28,1,0,0.0,2,159.7,79,46.0,10.84,9.3
0,75,1,0,0.0,1,166.3,125,42.0,7.91,6.1
0,82,1,1,2.89,1,155.2,131,76.9,12.23,10.7
0,104,1,0,0.23,2,182.9,113,54.3,11.98,5.5
0,95,1,1,2.84,3,247.0,109,81.4,6.28,10.5
0,112,1,0,0.38,1,170.4,103,49.8,10.01,11.6
0,46,1,0,0.42,1,139.4,81,47.2,11.19,13.6
0,141,1,0,0.0,0,185.1,126,52.0,11.65,9.1
1,106,0,0,0.0,3,204.0,84,49.0,8.43,13.3
0,87,1,0,0.0,1,237.2,124,60.0,11.13,11.0
0,87,1,1,2.3,3,263.8,65,77.0,5.17,8.5
0,201,1,0,0.24,1,212.7,72,58.4,11.26,7.0
0,81,1,0,0.0,2,145.6,59,50.0,14.4,9.2
0,159,1,0,0.0,0,114.8,98,36.0,9.63,12.2
0,1,1,0,0.0,1,175.2,74,43.0,7.59,5.3
0,70,1,0,0.27,0,7.9,100,15.7,6.82,12.1
0,103,1,1,3.92,2,185.4,105,88.2,9.88,14.5
0,131,1,1,2.94,2,192.7,85,81.4,11.3,10.9
1,62,1,0,0.0,1,248.7,109,61.0,11.0,13.2
0,75,0,0,0.0,3,166.7,113,41.0,7.42,10.1
0,56,1,0,0.0,4,222.7,133,62.0,13.85,13.6
0,114,1,1,2.78,0,154.4,109,73.8,11.07,10.3
0,48,1,0,0.0,2,190.4,92,60.0,15.88,8.3
0,125,1,0,0.0,1,106.1,95,32.0,7.88,8.1
1,119,0,1,3.75,1,172.1,119,86.5,11.18,13.9
0,127,1,1,3.29,2,129.7,115,68.9,8.04,12.2
0,47,1,1,3.48,2,196.6,93,88.8,12.07,12.9
0,127,1,1,1.03,1,140.1,59,53.3,11.17,3.8
0,83,1,1,3.02,0,95.0,89,61.2,8.4,11.2
0,139,1,1,2.24,0,138.3,96,53.4,4.03,8.3
0,26,1,0,0.0,3,234.5,109,59.0,10.83,3.5
0,164,1,0,0.0,1,123.3,78,36.0,8.5,12.7
0,98,1,1,2.89,2,213.7,61,86.9,12.65,10.7
0,100,0,0,0.0,4,219.4,112,57.0,11.29,12.0
0,65,1,0,0.0,1,187.9,116,46.0,7.88,7.5
0,116,1,1,3.19,2,118.0,103,66.9,8.36,11.8
0,88,1,0,0.0,2,152.9,119,41.0,8.56,12.0
0,60,1,0,0.27,2,203.2,99,57.7,11.79,15.1
0,51,1,0,0.0,1,197.8,60,53.0,11.05,8.9
0,110,1,0,0.0,1,55.3,102,24.0,8.24,10.2
1,99,1,1,2.51,2,216.0,125,82.1,11.62,9.3
1,65,0,0,0.31,0,277.9,123,64.1,7.79,9.2
0,62,1,0,0.29,1,159.9,100,44.9,8.61,5.6
0,120,1,1,2.08,0,239.4,94,83.8,12.97,7.7
1,76,1,0,0.0,0,272.7,97,67.0,11.82,7.7
0,39,1,0,0.0,2,154.1,104,44.0,10.21,9.8
0,165,1,0,0.13,1,150.5,75,43.3,9.66,10.3
0,123,1,0,0.24,0,204.4,88,49.4,6.88,10.0
0,160,1,0,0.0,1,176.2,90,47.0,9.8,9.2
0,159,1,1,3.4,2,153.6,93,79.0,10.85,12.6
0,58,1,0,0.0,1,149.4,145,43.0,9.83,14.9
0,116,1,0,0.0,2,89.5,128,31.0,9.04,14.0
0,126,1,0,0.0,1,228.7,102,54.0,8.44,11.8
0,50,0,1,2.16,0,307.1,94,98.6,14.47,8.0
0,111,1,0,0.0,4,229.4,107,58.0,10.71,10.4
0,60,1,0,0.0,1,135.4,134,41.0,10.3,7.9
1,113,1,0,0.0,1,272.1,111,70.0,13.43,8.5
0,118,1,0,0.32,1,187.4,97,50.2,8.89,12.2
0,63,1,0,0.0,0,149.3,104,49.0,13.68,9.1
0,68,1,1,3.97,1,176.0,118,93.7,13.9,14.7
1,95,0,1,2.78,5,136.8,91,68.8,10.04,10.3
0,82,1,1,1.27,3,232.6,121,65.7,7.66,4.7
0,30,1,0,0.0,1,54.0,68,25.0,8.97,10.2
1,51,1,0,0.0,1,229.7,129,68.0,16.8,9.6
0,143,1,0,0.42,2,172.3,97,49.2,8.7,13.0
0,107,1,0,0.21,5,189.7,76,48.1,7.81,8.3
1,122,0,0,0.3,4,140.0,101,44.0,9.82,9.7
0,93,1,1,3.16,0,306.2,123,100.6,9.49,11.7
0,65,1,1,2.4,1,158.1,104,79.0,16.11,8.9
0,50,1,0,0.0,1,157.1,90,46.0,11.17,6.1
0,138,1,0,0.0,3,127.1,102,43.0,12.39,5.0
0,108,1,0,0.0,1,103.0,129,39.0,12.12,7.9
0,140,1,1,3.0,1,157.1,77,72.0,8.62,11.1
0,124,1,0,0.0,3,157.4,107,42.0,8.39,8.8
0,73,1,0,0.0,0,175.4,130,51.0,12.41,12.2
0,63,0,1,2.7,1,151.5,99,66.0,7.39,10.0
0,50,1,0,0.0,1,183.6,107,37.0,2.93,8.7
0,141,1,1,2.51,2,206.9,126,83.1,13.22,9.3
0,83,1,1,3.19,1,78.5,109,63.9,10.53,11.8
0,55,1,1,2.19,3,139.3,101,60.9,8.92,8.1
1,55,1,1,2.97,4,130.5,114,69.7,10.42,11.0
0,56,1,0,0.0,1,226.0,112,60.0,12.43,6.9
0,118,0,1,2.48,1,153.8,106,61.8,6.17,9.2
0,157,1,0,0.0,3,229.8,90,52.0,7.4,9.6
1,171,1,0,0.0,1,270.5,69,66.0,11.5,9.6
0,88,1,0,0.0,3,61.9,78,33.0,13.13,8.8
0,189,1,0,0.0,1,219.9,80,50.0,7.17,11.7
0,94,1,1,4.35,0,233.2,88,93.5,5.67,16.1
0,142,1,0,0.0,1,232.1,102,54.0,8.41,9.9
0,78,1,0,0.0,3,137.4,109,44.0,11.88,14.0
0,90,1,0,0.0,1,193.7,83,47.0,7.71,12.7
1,130,0,0,0.0,5,216.2,106,68.0,18.19,16.9
0,36,1,0,0.0,1,178.6,83,49.0,10.66,10.9
1,133,1,0,0.0,0,117.8,100,37.0,9.96,11.8
1,122,1,1,3.65,1,174.9,103,87.5,12.41,13.5
0,141,1,0,0.24,2,160.1,87,52.4,12.84,7.0
0,80,0,1,3.21,1,159.3,110,74.1,8.53,11.9
0,123,1,1,3.38,1,198.7,127,88.8,12.45,12.5
0,73,1,0,0.0,1,214.3,145,60.0,13.43,10.8
0,86,1,0,0.0,1,83.8,121,35.0,12.01,6.7
0,153,1,0,0.29,1,154.6,56,51.9,13.15,15.5
0,68,1,0,0.34,1,232.4,76,56.4,7.67,10.5
0,52,1,0,0.0,0,165.5,78,46.0,10.28,12.2
0,148,1,0,0.0,1,86.3,134,36.0,12.33,11.3
0,95,1,1,2.86,0,262.2,123,87.6,8.26,10.6
1,136,1,0,0.31,1,259.4,99,62.1,8.64,10.7
0,217,1,0,0.29,0,123.7,138,45.9,12.43,13.3
0,151,1,0,0.0,2,118.9,128,44.0,13.92,13.2
0,75,1,1,3.02,1,248.9,93,87.2,8.54,11.2
0,66,1,0,0.31,2,205.1,102,58.1,11.64,9.2
0,161,0,0,0.0,2,156.1,114,42.0,9.02,11.1
0,76,1,0,0.0,0,186.1,96,50.0,10.58,8.0
0,88,1,0,0.0,0,55.6,65,31.0,12.14,11.3
0,149,1,1,2.75,0,147.8,132,76.5,13.84,10.2
0,49,1,0,0.15,1,236.6,91,60.5,11.05,8.9
0,73,1,0,0.0,1,224.4,90,52.0,7.98,13.0
0,46,1,0,0.0,3,196.7,85,51.0,10.3,11.2
1,73,1,0,0.0,1,217.8,91,56.0,11.03,10.3
0,130,1,0,0.23,1,115.6,129,36.3,8.39,12.6
0,74,1,0,0.34,0,187.7,127,49.4,8.17,9.1
0,48,1,0,0.0,2,300.4,94,63.0,6.66,7.2
0,10,1,0,0.42,1,222.2,127,55.2,7.66,12.9
0,88,1,0,0.0,2,161.5,92,43.0,8.68,7.9
0,166,1,0,0.0,2,203.4,81,49.0,8.39,9.2
0,88,1,0,0.0,2,274.6,105,61.0,8.06,9.2
0,81,1,0,0.0,2,173.2,80,50.0,11.81,11.8
0,109,1,0,0.0,1,217.0,115,55.0,10.35,8.2
1,138,0,1,2.89,3,211.2,117,91.9,15.63,10.7
0,112,1,0,0.0,3,206.2,122,50.0,8.23,12.6
